REF_AREA,INDICATOR,TIME_PERIOD,OBS_VALUE,UNIT_MEASURE,OBS_STATUS,EXTRACTION_METHOD,SOURCE,REF_AREA_LABEL,INDICATOR_LABEL,DATA_DATE
NE-1,MILLET_AREA_HA,2024/2025,297.0,ha,A,pdfplumber,bulletin_3T25.pdf,AGADEZ,Mil / Superficie,2026-09-14
NE-2,MILLET_AREA_HA,2024/2025,92176.0,ha,A,pdfplumber,bulletin_3T25.pdf,DIFFA,Mil / Superficie,2026-09-14
NE-3,MILLET_AREA_HA,2024/2025,1230265.0,ha,A,pdfplumber,bulletin_3T25.pdf,DOSSO,Mil / Superficie,2026-09-14
NE-4,MILLET_AREA_HA,2024/2025,1443720.0,ha,A,pdfplumber,bulletin_3T25.pdf,MARADI,Mil / Superficie,2026-09-14
NE-5,MILLET_AREA_HA,2024/2025,1301904.0,ha,A,pdfplumber,bulletin_3T25.pdf,TAHOUA,Mil / Superficie,2026-09-14
NE-6,MILLET_AREA_HA,2024/2025,1252813.0,ha,A,pdfplumber,bulletin_3T25.pdf,TILLABERY,Mil / Superficie,2026-09-14
NE-7,MILLET_AREA_HA,2024/2025,1464619.0,ha,A,pdfplumber,bulletin_3T25.pdf,ZINDER,Mil / Superficie,2026-09-14
NE-8,MILLET_AREA_HA,2024/2025,18682.0,ha,A,pdfplumber,bulletin_3T25.pdf,NIAMEY.,Mil / Superficie,2026-09-14
_T,MILLET_AREA_HA,2024/2025,6804476.0,ha,A,pdfplumber,bulletin_3T25.pdf,ENSEMBLE,Mil / Superficie,2026-09-14
NE-1,MILLET_YIELD_KG_HA,2024/2025,475.0,kg/ha,A,pdfplumber,bulletin_3T25.pdf,AGADEZ,Mil / Rendement,2026-09-14
NE-2,MILLET_YIELD_KG_HA,2024/2025,363.0,kg/ha,A,pdfplumber,bulletin_3T25.pdf,DIFFA,Mil / Rendement,2026-09-14
NE-3,MILLET_YIELD_KG_HA,2024/2025,588.0,kg/ha,A,pdfplumber,bulletin_3T25.pdf,DOSSO,Mil / Rendement,2026-09-14
NE-4,MILLET_YIELD_KG_HA,2024/2025,655.0,kg/ha,A,pdfplumber,bulletin_3T25.pdf,MARADI,Mil / Rendement,2026-09-14
NE-5,MILLET_YIELD_KG_HA,2024/2025,638.0,kg/ha,A,pdfplumber,bulletin_3T25.pdf,TAHOUA,Mil / Rendement,2026-09-14
NE-6,MILLET_YIELD_KG_HA,2024/2025,462.0,kg/ha,A,pdfplumber,bulletin_3T25.pdf,TILLABERY,Mil / Rendement,2026-09-14
NE-7,MILLET_YIELD_KG_HA,2024/2025,488.0,kg/ha,A,pdfplumber,bulletin_3T25.pdf,ZINDER,Mil / Rendement,2026-09-14
NE-8,MILLET_YIELD_KG_HA,2024/2025,519.0,kg/ha,A,pdfplumber,bulletin_3T25.pdf,NIAMEY.,Mil / Rendement,2026-09-14
_T,MILLET_YIELD_KG_HA,2024/2025,564.0,kg/ha,A,pdfplumber,bulletin_3T25.pdf,ENSEMBLE,Mil / Rendement,2026-09-14
NE-1,MILLET_PROD_T,2024/2025,141.0,t,A,pdfplumber,bulletin_3T25.pdf,AGADEZ,Mil / Production,2026-09-14
NE-2,MILLET_PROD_T,2024/2025,33476.0,t,A,pdfplumber,bulletin_3T25.pdf,DIFFA,Mil / Production,2026-09-14
NE-3,MILLET_PROD_T,2024/2025,723479.0,t,A,pdfplumber,bulletin_3T25.pdf,DOSSO,Mil / Production,2026-09-14
NE-4,MILLET_PROD_T,2024/2025,945050.0,t,A,pdfplumber,bulletin_3T25.pdf,MARADI,Mil / Production,2026-09-14
NE-5,MILLET_PROD_T,2024/2025,830511.0,t,A,pdfplumber,bulletin_3T25.pdf,TAHOUA,Mil / Production,2026-09-14
NE-6,MILLET_PROD_T,2024/2025,578250.0,t,A,pdfplumber,bulletin_3T25.pdf,TILLABERY,Mil / Production,2026-09-14
NE-7,MILLET_PROD_T,2024/2025,715408.0,t,A,pdfplumber,bulletin_3T25.pdf,ZINDER,Mil / Production,2026-09-14
NE-8,MILLET_PROD_T,2024/2025,9698.0,t,A,pdfplumber,bulletin_3T25.pdf,NIAMEY.,Mil / Production,2026-09-14
_T,MILLET_PROD_T,2024/2025,3836013.0,t,A,pdfplumber,bulletin_3T25.pdf,ENSEMBLE,Mil / Production,2026-09-14
NE-1,SORGHUM_AREA_HA,2024/2025,301.0,ha,A,pdfplumber,bulletin_3T25.pdf,AGADEZ,Sorgho / Superficie,2026-09-14
NE-2,SORGHUM_AREA_HA,2024/2025,26651.0,ha,A,pdfplumber,bulletin_3T25.pdf,DIFFA,Sorgho / Superficie,2026-09-14
NE-3,SORGHUM_AREA_HA,2024/2025,344540.0,ha,A,pdfplumber,bulletin_3T25.pdf,DOSSO,Sorgho / Superficie,2026-09-14
NE-4,SORGHUM_AREA_HA,2024/2025,1003278.0,ha,A,pdfplumber,bulletin_3T25.pdf,MARADI,Sorgho / Superficie,2026-09-14
NE-5,SORGHUM_AREA_HA,2024/2025,504354.0,ha,A,pdfplumber,bulletin_3T25.pdf,TAHOUA,Sorgho / Superficie,2026-09-14
NE-6,SORGHUM_AREA_HA,2024/2025,369172.0,ha,A,pdfplumber,bulletin_3T25.pdf,TILLABERY,Sorgho / Superficie,2026-09-14
NE-7,SORGHUM_AREA_HA,2024/2025,1179859.0,ha,A,pdfplumber,bulletin_3T25.pdf,ZINDER,Sorgho / Superficie,2026-09-14
NE-8,SORGHUM_AREA_HA,2024/2025,508.0,ha,A,pdfplumber,bulletin_3T25.pdf,NIAMEY.,Sorgho / Superficie,2026-09-14
_T,SORGHUM_AREA_HA,2024/2025,3428663.0,ha,A,pdfplumber,bulletin_3T25.pdf,ENSEMBLE,Sorgho / Superficie,2026-09-14
NE-1,SORGHUM_YIELD_KG_HA,2024/2025,488.0,kg/ha,A,pdfplumber,bulletin_3T25.pdf,AGADEZ,Sorgho / Rendement,2026-09-14
NE-2,SORGHUM_YIELD_KG_HA,2024/2025,331.0,kg/ha,A,pdfplumber,bulletin_3T25.pdf,DIFFA,Sorgho / Rendement,2026-09-14
NE-3,SORGHUM_YIELD_KG_HA,2024/2025,489.0,kg/ha,A,pdfplumber,bulletin_3T25.pdf,DOSSO,Sorgho / Rendement,2026-09-14
NE-4,SORGHUM_YIELD_KG_HA,2024/2025,644.0,kg/ha,A,pdfplumber,bulletin_3T25.pdf,MARADI,Sorgho / Rendement,2026-09-14
NE-5,SORGHUM_YIELD_KG_HA,2024/2025,711.0,kg/ha,A,pdfplumber,bulletin_3T25.pdf,TAHOUA,Sorgho / Rendement,2026-09-14
NE-6,SORGHUM_YIELD_KG_HA,2024/2025,427.0,kg/ha,A,pdfplumber,bulletin_3T25.pdf,TILLABERY,Sorgho / Rendement,2026-09-14
NE-7,SORGHUM_YIELD_KG_HA,2024/2025,481.0,kg/ha,A,pdfplumber,bulletin_3T25.pdf,ZINDER,Sorgho / Rendement,2026-09-14
NE-8,SORGHUM_YIELD_KG_HA,2024/2025,693.0,kg/ha,A,pdfplumber,bulletin_3T25.pdf,NIAMEY.,Sorgho / Rendement,2026-09-14
_T,SORGHUM_YIELD_KG_HA,2024/2025,556.0,kg/ha,A,pdfplumber,bulletin_3T25.pdf,ENSEMBLE,Sorgho / Rendement,2026-09-14
NE-1,SORGHUM_PROD_T,2024/2025,147.0,t,A,pdfplumber,bulletin_3T25.pdf,AGADEZ,Sorgho / Production,2026-09-14
NE-2,SORGHUM_PROD_T,2024/2025,8816.0,t,A,pdfplumber,bulletin_3T25.pdf,DIFFA,Sorgho / Production,2026-09-14
NE-3,SORGHUM_PROD_T,2024/2025,168389.0,t,A,pdfplumber,bulletin_3T25.pdf,DOSSO,Sorgho / Production,2026-09-14
NE-4,SORGHUM_PROD_T,2024/2025,645912.0,t,A,pdfplumber,bulletin_3T25.pdf,MARADI,Sorgho / Production,2026-09-14
NE-5,SORGHUM_PROD_T,2024/2025,358435.0,t,A,pdfplumber,bulletin_3T25.pdf,TAHOUA,Sorgho / Production,2026-09-14
NE-6,SORGHUM_PROD_T,2024/2025,157597.0,t,A,pdfplumber,bulletin_3T25.pdf,TILLABERY,Sorgho / Production,2026-09-14
NE-7,SORGHUM_PROD_T,2024/2025,567772.0,t,A,pdfplumber,bulletin_3T25.pdf,ZINDER,Sorgho / Production,2026-09-14
NE-8,SORGHUM_PROD_T,2024/2025,352.0,t,A,pdfplumber,bulletin_3T25.pdf,NIAMEY.,Sorgho / Production,2026-09-14
_T,SORGHUM_PROD_T,2024/2025,1907420.0,t,A,pdfplumber,bulletin_3T25.pdf,ENSEMBLE,Sorgho / Production,2026-09-14
NE-2,RICE_AREA_HA,2024/2025,4065.0,ha,A,pdfplumber,bulletin_3T25.pdf,DIFFA,Riz / Superficie,2026-09-14
NE-3,RICE_AREA_HA,2024/2025,6702.0,ha,A,pdfplumber,bulletin_3T25.pdf,DOSSO,Riz / Superficie,2026-09-14
NE-4,RICE_AREA_HA,2024/2025,1213.0,ha,A,pdfplumber,bulletin_3T25.pdf,MARADI,Riz / Superficie,2026-09-14
NE-5,RICE_AREA_HA,2024/2025,2047.0,ha,A,pdfplumber,bulletin_3T25.pdf,TAHOUA,Riz / Superficie,2026-09-14
NE-6,RICE_AREA_HA,2024/2025,11473.0,ha,A,pdfplumber,bulletin_3T25.pdf,TILLABERY,Riz / Superficie,2026-09-14
NE-7,RICE_AREA_HA,2024/2025,7556.0,ha,A,pdfplumber,bulletin_3T25.pdf,ZINDER,Riz / Superficie,2026-09-14
_T,RICE_AREA_HA,2024/2025,33056.0,ha,A,pdfplumber,bulletin_3T25.pdf,ENSEMBLE,Riz / Superficie,2026-09-14
NE-2,RICE_YIELD_KG_HA,2024/2025,1319.0,kg/ha,A,pdfplumber,bulletin_3T25.pdf,DIFFA,Riz / Rendement,2026-09-14
NE-3,RICE_YIELD_KG_HA,2024/2025,2064.0,kg/ha,A,pdfplumber,bulletin_3T25.pdf,DOSSO,Riz / Rendement,2026-09-14
NE-4,RICE_YIELD_KG_HA,2024/2025,1801.0,kg/ha,A,pdfplumber,bulletin_3T25.pdf,MARADI,Riz / Rendement,2026-09-14
NE-5,RICE_YIELD_KG_HA,2024/2025,2169.0,kg/ha,A,pdfplumber,bulletin_3T25.pdf,TAHOUA,Riz / Rendement,2026-09-14
NE-6,RICE_YIELD_KG_HA,2024/2025,2221.0,kg/ha,A,pdfplumber,bulletin_3T25.pdf,TILLABERY,Riz / Rendement,2026-09-14
NE-7,RICE_YIELD_KG_HA,2024/2025,2609.0,kg/ha,A,pdfplumber,bulletin_3T25.pdf,ZINDER,Riz / Rendement,2026-09-14
_T,RICE_YIELD_KG_HA,2024/2025,2148.0,kg/ha,A,pdfplumber,bulletin_3T25.pdf,ENSEMBLE,Riz / Rendement,2026-09-14
NE-2,RICE_PROD_T,2024/2025,5360.0,t,A,pdfplumber,bulletin_3T25.pdf,DIFFA,Riz / Production,2026-09-14
NE-3,RICE_PROD_T,2024/2025,13833.0,t,A,pdfplumber,bulletin_3T25.pdf,DOSSO,Riz / Production,2026-09-14
NE-4,RICE_PROD_T,2024/2025,2185.0,t,A,pdfplumber,bulletin_3T25.pdf,MARADI,Riz / Production,2026-09-14
NE-5,RICE_PROD_T,2024/2025,4439.0,t,A,pdfplumber,bulletin_3T25.pdf,TAHOUA,Riz / Production,2026-09-14
NE-6,RICE_PROD_T,2024/2025,25478.0,t,A,pdfplumber,bulletin_3T25.pdf,TILLABERY,Riz / Production,2026-09-14
NE-7,RICE_PROD_T,2024/2025,19717.0,t,A,pdfplumber,bulletin_3T25.pdf,ZINDER,Riz / Production,2026-09-14
_T,RICE_PROD_T,2024/2025,71012.0,t,A,pdfplumber,bulletin_3T25.pdf,ENSEMBLE,Riz / Production,2026-09-14
NE-1,MAIZE_AREA_HA,2024/2025,631.0,ha,A,pdfplumber,bulletin_3T25.pdf,AGADEZ,Maïs / Superficie,2026-09-14
NE-2,MAIZE_AREA_HA,2024/2025,8127.0,ha,A,pdfplumber,bulletin_3T25.pdf,DIFFA,Maïs / Superficie,2026-09-14
NE-3,MAIZE_AREA_HA,2024/2025,3194.0,ha,A,pdfplumber,bulletin_3T25.pdf,DOSSO,Maïs / Superficie,2026-09-14
NE-4,MAIZE_AREA_HA,2024/2025,3049.0,ha,A,pdfplumber,bulletin_3T25.pdf,MARADI,Maïs / Superficie,2026-09-14
NE-5,MAIZE_AREA_HA,2024/2025,1248.0,ha,A,pdfplumber,bulletin_3T25.pdf,TAHOUA,Maïs / Superficie,2026-09-14
NE-6,MAIZE_AREA_HA,2024/2025,2248.0,ha,A,pdfplumber,bulletin_3T25.pdf,TILLABERY,Maïs / Superficie,2026-09-14
NE-7,MAIZE_AREA_HA,2024/2025,1789.0,ha,A,pdfplumber,bulletin_3T25.pdf,ZINDER,Maïs / Superficie,2026-09-14
NE-8,MAIZE_AREA_HA,2024/2025,105.0,ha,A,pdfplumber,bulletin_3T25.pdf,NIAMEY.,Maïs / Superficie,2026-09-14
_T,MAIZE_AREA_HA,2024/2025,20391.0,ha,A,pdfplumber,bulletin_3T25.pdf,ENSEMBLE,Maïs / Superficie,2026-09-14
NE-1,MAIZE_YIELD_KG_HA,2024/2025,886.0,kg/ha,A,pdfplumber,bulletin_3T25.pdf,AGADEZ,Maïs / Rendement,2026-09-14
NE-2,MAIZE_YIELD_KG_HA,2024/2025,471.0,kg/ha,A,pdfplumber,bulletin_3T25.pdf,DIFFA,Maïs / Rendement,2026-09-14
NE-3,MAIZE_YIELD_KG_HA,2024/2025,685.0,kg/ha,A,pdfplumber,bulletin_3T25.pdf,DOSSO,Maïs / Rendement,2026-09-14
NE-4,MAIZE_YIELD_KG_HA,2024/2025,759.0,kg/ha,A,pdfplumber,bulletin_3T25.pdf,MARADI,Maïs / Rendement,2026-09-14
NE-5,MAIZE_YIELD_KG_HA,2024/2025,690.0,kg/ha,A,pdfplumber,bulletin_3T25.pdf,TAHOUA,Maïs / Rendement,2026-09-14
NE-6,MAIZE_YIELD_KG_HA,2024/2025,572.0,kg/ha,A,pdfplumber,bulletin_3T25.pdf,TILLABERY,Maïs / Rendement,2026-09-14
NE-7,MAIZE_YIELD_KG_HA,2024/2025,742.0,kg/ha,A,pdfplumber,bulletin_3T25.pdf,ZINDER,Maïs / Rendement,2026-09-14
NE-8,MAIZE_YIELD_KG_HA,2024/2025,686.0,kg/ha,A,pdfplumber,bulletin_3T25.pdf,NIAMEY.,Maïs / Rendement,2026-09-14
_T,MAIZE_YIELD_KG_HA,2024/2025,610.0,kg/ha,A,pdfplumber,bulletin_3T25.pdf,ENSEMBLE,Maïs / Rendement,2026-09-14
NE-1,MAIZE_PROD_T,2024/2025,559.0,t,A,pdfplumber,bulletin_3T25.pdf,AGADEZ,Maïs / Production,2026-09-14
NE-2,MAIZE_PROD_T,2024/2025,3825.0,t,A,pdfplumber,bulletin_3T25.pdf,DIFFA,Maïs / Production,2026-09-14
NE-3,MAIZE_PROD_T,2024/2025,2187.0,t,A,pdfplumber,bulletin_3T25.pdf,DOSSO,Maïs / Production,2026-09-14
NE-4,MAIZE_PROD_T,2024/2025,2313.0,t,A,pdfplumber,bulletin_3T25.pdf,MARADI,Maïs / Production,2026-09-14
NE-5,MAIZE_PROD_T,2024/2025,861.0,t,A,pdfplumber,bulletin_3T25.pdf,TAHOUA,Maïs / Production,2026-09-14
NE-6,MAIZE_PROD_T,2024/2025,1285.0,t,A,pdfplumber,bulletin_3T25.pdf,TILLABERY,Maïs / Production,2026-09-14
NE-7,MAIZE_PROD_T,2024/2025,1327.0,t,A,pdfplumber,bulletin_3T25.pdf,ZINDER,Maïs / Production,2026-09-14
NE-8,MAIZE_PROD_T,2024/2025,72.0,t,A,pdfplumber,bulletin_3T25.pdf,NIAMEY.,Maïs / Production,2026-09-14
_T,MAIZE_PROD_T,2024/2025,12429.0,t,A,pdfplumber,bulletin_3T25.pdf,ENSEMBLE,Maïs / Production,2026-09-14
NE-3,FONIO_AREA_HA,2024/2025,6807.0,ha,A,pdfplumber,bulletin_3T25.pdf,DOSSO,Fonio / Superficie,2026-09-14
_T,FONIO_AREA_HA,2024/2025,6807.0,ha,A,pdfplumber,bulletin_3T25.pdf,ENSEMBLE,Fonio / Superficie,2026-09-14
NE-3,FONIO_YIELD_KG_HA,2024/2025,719.0,kg/ha,A,pdfplumber,bulletin_3T25.pdf,DOSSO,Fonio / Rendement,2026-09-14
_T,FONIO_YIELD_KG_HA,2024/2025,719.0,kg/ha,A,pdfplumber,bulletin_3T25.pdf,ENSEMBLE,Fonio / Rendement,2026-09-14
NE-3,FONIO_PROD_T,2024/2025,4896.0,t,A,pdfplumber,bulletin_3T25.pdf,DOSSO,Fonio / Production,2026-09-14
_T,FONIO_PROD_T,2024/2025,4896.0,t,A,pdfplumber,bulletin_3T25.pdf,ENSEMBLE,Fonio / Production,2026-09-14
NE-1,COWPEA_AREA_HA,2024/2025,162.0,ha,A,pdfplumber,bulletin_3T25.pdf,AGADEZ,Niébé / Superficie,2026-09-14
NE-2,COWPEA_AREA_HA,2024/2025,49416.0,ha,A,pdfplumber,bulletin_3T25.pdf,DIFFA,Niébé / Superficie,2026-09-14
NE-3,COWPEA_AREA_HA,2024/2025,1057859.0,ha,A,pdfplumber,bulletin_3T25.pdf,DOSSO,Niébé / Superficie,2026-09-14
NE-4,COWPEA_AREA_HA,2024/2025,1190926.0,ha,A,pdfplumber,bulletin_3T25.pdf,MARADI,Niébé / Superficie,2026-09-14
NE-5,COWPEA_AREA_HA,2024/2025,889023.0,ha,A,pdfplumber,bulletin_3T25.pdf,TAHOUA,Niébé / Superficie,2026-09-14
NE-6,COWPEA_AREA_HA,2024/2025,1014945.0,ha,A,pdfplumber,bulletin_3T25.pdf,TILLABERY,Niébé / Superficie,2026-09-14
NE-7,COWPEA_AREA_HA,2024/2025,1355467.0,ha,A,pdfplumber,bulletin_3T25.pdf,ZINDER,Niébé / Superficie,2026-09-14
NE-8,COWPEA_AREA_HA,2024/2025,15632.0,ha,A,pdfplumber,bulletin_3T25.pdf,NIAMEY.,Niébé / Superficie,2026-09-14
_T,COWPEA_AREA_HA,2024/2025,5573430.0,ha,A,pdfplumber,bulletin_3T25.pdf,ENSEMBLE,Niébé / Superficie,2026-09-14
NE-1,COWPEA_YIELD_KG_HA,2024/2025,444.0,kg/ha,A,pdfplumber,bulletin_3T25.pdf,AGADEZ,Niébé / Rendement,2026-09-14
NE-2,COWPEA_YIELD_KG_HA,2024/2025,404.0,kg/ha,A,pdfplumber,bulletin_3T25.pdf,DIFFA,Niébé / Rendement,2026-09-14
NE-3,COWPEA_YIELD_KG_HA,2024/2025,524.0,kg/ha,A,pdfplumber,bulletin_3T25.pdf,DOSSO,Niébé / Rendement,2026-09-14
NE-4,COWPEA_YIELD_KG_HA,2024/2025,561.0,kg/ha,A,pdfplumber,bulletin_3T25.pdf,MARADI,Niébé / Rendement,2026-09-14
NE-5,COWPEA_YIELD_KG_HA,2024/2025,527.0,kg/ha,A,pdfplumber,bulletin_3T25.pdf,TAHOUA,Niébé / Rendement,2026-09-14
NE-6,COWPEA_YIELD_KG_HA,2024/2025,419.0,kg/ha,A,pdfplumber,bulletin_3T25.pdf,TILLABERY,Niébé / Rendement,2026-09-14
NE-7,COWPEA_YIELD_KG_HA,2024/2025,458.0,kg/ha,A,pdfplumber,bulletin_3T25.pdf,ZINDER,Niébé / Rendement,2026-09-14
NE-8,COWPEA_YIELD_KG_HA,2024/2025,413.0,kg/ha,A,pdfplumber,bulletin_3T25.pdf,NIAMEY.,Niébé / Rendement,2026-09-14
_T,COWPEA_YIELD_KG_HA,2024/2025,496.0,kg/ha,A,pdfplumber,bulletin_3T25.pdf,ENSEMBLE,Niébé / Rendement,2026-09-14
NE-1,COWPEA_PROD_T,2024/2025,72.0,t,A,pdfplumber,bulletin_3T25.pdf,AGADEZ,Niébé / Production,2026-09-14
NE-2,COWPEA_PROD_T,2024/2025,19955.0,t,A,pdfplumber,bulletin_3T25.pdf,DIFFA,Niébé / Production,2026-09-14
NE-3,COWPEA_PROD_T,2024/2025,554733.0,t,A,pdfplumber,bulletin_3T25.pdf,DOSSO,Niébé / Production,2026-09-14
NE-4,COWPEA_PROD_T,2024/2025,668219.0,t,A,pdfplumber,bulletin_3T25.pdf,MARADI,Niébé / Production,2026-09-14
NE-5,COWPEA_PROD_T,2024/2025,468397.0,t,A,pdfplumber,bulletin_3T25.pdf,TAHOUA,Niébé / Production,2026-09-14
NE-6,COWPEA_PROD_T,2024/2025,424918.0,t,A,pdfplumber,bulletin_3T25.pdf,TILLABERY,Niébé / Production,2026-09-14
NE-7,COWPEA_PROD_T,2024/2025,620265.0,t,A,pdfplumber,bulletin_3T25.pdf,ZINDER,Niébé / Production,2026-09-14
NE-8,COWPEA_PROD_T,2024/2025,6461.0,t,A,pdfplumber,bulletin_3T25.pdf,NIAMEY.,Niébé / Production,2026-09-14
_T,COWPEA_PROD_T,2024/2025,2763020.0,t,A,pdfplumber,bulletin_3T25.pdf,ENSEMBLE,Niébé / Production,2026-09-14
NE-1,GROUNDNUT_AREA_HA,2024/2025,4.0,ha,A,pdfplumber,bulletin_3T25.pdf,AGADEZ,Arachide / Superficie,2026-09-14
NE-2,GROUNDNUT_AREA_HA,2024/2025,5840.0,ha,A,pdfplumber,bulletin_3T25.pdf,DIFFA,Arachide / Superficie,2026-09-14
NE-3,GROUNDNUT_AREA_HA,2024/2025,96098.0,ha,A,pdfplumber,bulletin_3T25.pdf,DOSSO,Arachide / Superficie,2026-09-14
NE-4,GROUNDNUT_AREA_HA,2024/2025,361591.0,ha,A,pdfplumber,bulletin_3T25.pdf,MARADI,Arachide / Superficie,2026-09-14
NE-5,GROUNDNUT_AREA_HA,2024/2025,74947.0,ha,A,pdfplumber,bulletin_3T25.pdf,TAHOUA,Arachide / Superficie,2026-09-14
NE-6,GROUNDNUT_AREA_HA,2024/2025,28884.0,ha,A,pdfplumber,bulletin_3T25.pdf,TILLABERY,Arachide / Superficie,2026-09-14
NE-7,GROUNDNUT_AREA_HA,2024/2025,474900.0,ha,A,pdfplumber,bulletin_3T25.pdf,ZINDER,Arachide / Superficie,2026-09-14
_T,GROUNDNUT_AREA_HA,2024/2025,1042264.0,ha,A,pdfplumber,bulletin_3T25.pdf,ENSEMBLE,Arachide / Superficie,2026-09-14
NE-1,GROUNDNUT_YIELD_KG_HA,2024/2025,750.0,kg/ha,A,pdfplumber,bulletin_3T25.pdf,AGADEZ,Arachide / Rendement,2026-09-14
NE-2,GROUNDNUT_YIELD_KG_HA,2024/2025,589.0,kg/ha,A,pdfplumber,bulletin_3T25.pdf,DIFFA,Arachide / Rendement,2026-09-14
NE-3,GROUNDNUT_YIELD_KG_HA,2024/2025,620.0,kg/ha,A,pdfplumber,bulletin_3T25.pdf,DOSSO,Arachide / Rendement,2026-09-14
NE-4,GROUNDNUT_YIELD_KG_HA,2024/2025,677.0,kg/ha,A,pdfplumber,bulletin_3T25.pdf,MARADI,Arachide / Rendement,2026-09-14
NE-5,GROUNDNUT_YIELD_KG_HA,2024/2025,601.0,kg/ha,A,pdfplumber,bulletin_3T25.pdf,TAHOUA,Arachide / Rendement,2026-09-14
NE-6,GROUNDNUT_YIELD_KG_HA,2024/2025,575.0,kg/ha,A,pdfplumber,bulletin_3T25.pdf,TILLABERY,Arachide / Rendement,2026-09-14
NE-7,GROUNDNUT_YIELD_KG_HA,2024/2025,639.0,kg/ha,A,pdfplumber,bulletin_3T25.pdf,ZINDER,Arachide / Rendement,2026-09-14
_T,GROUNDNUT_YIELD_KG_HA,2024/2025,645.0,kg/ha,A,pdfplumber,bulletin_3T25.pdf,ENSEMBLE,Arachide / Rendement,2026-09-14
NE-1,GROUNDNUT_PROD_T,2024/2025,3.0,t,A,pdfplumber,bulletin_3T25.pdf,AGADEZ,Arachide / Production,2026-09-14
NE-2,GROUNDNUT_PROD_T,2024/2025,3439.0,t,A,pdfplumber,bulletin_3T25.pdf,DIFFA,Arachide / Production,2026-09-14
NE-3,GROUNDNUT_PROD_T,2024/2025,59548.0,t,A,pdfplumber,bulletin_3T25.pdf,DOSSO,Arachide / Production,2026-09-14
NE-4,GROUNDNUT_PROD_T,2024/2025,244647.0,t,A,pdfplumber,bulletin_3T25.pdf,MARADI,Arachide / Production,2026-09-14
NE-5,GROUNDNUT_PROD_T,2024/2025,45025.0,t,A,pdfplumber,bulletin_3T25.pdf,TAHOUA,Arachide / Production,2026-09-14
NE-6,GROUNDNUT_PROD_T,2024/2025,16612.0,t,A,pdfplumber,bulletin_3T25.pdf,TILLABERY,Arachide / Production,2026-09-14
NE-7,GROUNDNUT_PROD_T,2024/2025,303483.0,t,A,pdfplumber,bulletin_3T25.pdf,ZINDER,Arachide / Production,2026-09-14
_T,GROUNDNUT_PROD_T,2024/2025,672757.0,t,A,pdfplumber,bulletin_3T25.pdf,ENSEMBLE,Arachide / Production,2026-09-14
NE-2,SESAME_AREA_HA,2024/2025,36489.0,ha,A,pdfplumber,bulletin_3T25.pdf,DIFFA,Sésame / Superficie,2026-09-14
NE-3,SESAME_AREA_HA,2024/2025,5732.0,ha,A,pdfplumber,bulletin_3T25.pdf,DOSSO,Sésame / Superficie,2026-09-14
NE-4,SESAME_AREA_HA,2024/2025,48384.0,ha,A,pdfplumber,bulletin_3T25.pdf,MARADI,Sésame / Superficie,2026-09-14
NE-5,SESAME_AREA_HA,2024/2025,4295.0,ha,A,pdfplumber,bulletin_3T25.pdf,TAHOUA,Sésame / Superficie,2026-09-14
NE-6,SESAME_AREA_HA,2024/2025,11059.0,ha,A,pdfplumber,bulletin_3T25.pdf,TILLABERY,Sésame / Superficie,2026-09-14
NE-7,SESAME_AREA_HA,2024/2025,142916.0,ha,A,pdfplumber,bulletin_3T25.pdf,ZINDER,Sésame / Superficie,2026-09-14
NE-8,SESAME_AREA_HA,2024/2025,86.0,ha,A,pdfplumber,bulletin_3T25.pdf,NIAMEY.,Sésame / Superficie,2026-09-14
_T,SESAME_AREA_HA,2024/2025,248961.0,ha,A,pdfplumber,bulletin_3T25.pdf,ENSEMBLE,Sésame / Superficie,2026-09-14
NE-2,SESAME_YIELD_KG_HA,2024/2025,609.0,kg/ha,A,pdfplumber,bulletin_3T25.pdf,DIFFA,Sésame / Rendement,2026-09-14
NE-3,SESAME_YIELD_KG_HA,2024/2025,635.0,kg/ha,A,pdfplumber,bulletin_3T25.pdf,DOSSO,Sésame / Rendement,2026-09-14
NE-4,SESAME_YIELD_KG_HA,2024/2025,594.0,kg/ha,A,pdfplumber,bulletin_3T25.pdf,MARADI,Sésame / Rendement,2026-09-14
NE-5,SESAME_YIELD_KG_HA,2024/2025,575.0,kg/ha,A,pdfplumber,bulletin_3T25.pdf,TAHOUA,Sésame / Rendement,2026-09-14
NE-6,SESAME_YIELD_KG_HA,2024/2025,454.0,kg/ha,A,pdfplumber,bulletin_3T25.pdf,TILLABERY,Sésame / Rendement,2026-09-14
NE-7,SESAME_YIELD_KG_HA,2024/2025,552.0,kg/ha,A,pdfplumber,bulletin_3T25.pdf,ZINDER,Sésame / Rendement,2026-09-14
NE-8,SESAME_YIELD_KG_HA,2024/2025,488.0,kg/ha,A,pdfplumber,bulletin_3T25.pdf,NIAMEY.,Sésame / Rendement,2026-09-14
_T,SESAME_YIELD_KG_HA,2024/2025,566.0,kg/ha,A,pdfplumber,bulletin_3T25.pdf,ENSEMBLE,Sésame / Rendement,2026-09-14
NE-2,SESAME_PROD_T,2024/2025,22204.0,t,A,pdfplumber,bulletin_3T25.pdf,DIFFA,Sésame / Production,2026-09-14
NE-3,SESAME_PROD_T,2024/2025,3639.0,t,A,pdfplumber,bulletin_3T25.pdf,DOSSO,Sésame / Production,2026-09-14
NE-4,SESAME_PROD_T,2024/2025,28718.0,t,A,pdfplumber,bulletin_3T25.pdf,MARADI,Sésame / Production,2026-09-14
NE-5,SESAME_PROD_T,2024/2025,2471.0,t,A,pdfplumber,bulletin_3T25.pdf,TAHOUA,Sésame / Production,2026-09-14
NE-6,SESAME_PROD_T,2024/2025,5016.0,t,A,pdfplumber,bulletin_3T25.pdf,TILLABERY,Sésame / Production,2026-09-14
NE-7,SESAME_PROD_T,2024/2025,78935.0,t,A,pdfplumber,bulletin_3T25.pdf,ZINDER,Sésame / Production,2026-09-14
NE-8,SESAME_PROD_T,2024/2025,42.0,t,A,pdfplumber,bulletin_3T25.pdf,NIAMEY.,Sésame / Production,2026-09-14
_T,SESAME_PROD_T,2024/2025,141025.0,t,A,pdfplumber,bulletin_3T25.pdf,ENSEMBLE,Sésame / Production,2026-09-14
NE-3,TIGER_NUT_AREA_HA,2024/2025,242.0,ha,A,pdfplumber,bulletin_3T25.pdf,DOSSO,Souchet / Superficie,2026-09-14
NE-4,TIGER_NUT_AREA_HA,2024/2025,24365.0,ha,A,pdfplumber,bulletin_3T25.pdf,MARADI,Souchet / Superficie,2026-09-14
NE-6,TIGER_NUT_AREA_HA,2024/2025,35.0,ha,A,pdfplumber,bulletin_3T25.pdf,TILLABERY,Souchet / Superficie,2026-09-14
_T,TIGER_NUT_AREA_HA,2024/2025,24642.0,ha,A,pdfplumber,bulletin_3T25.pdf,ENSEMBLE,Souchet / Superficie,2026-09-14
NE-3,TIGER_NUT_YIELD_KG_HA,2024/2025,3017.0,kg/ha,A,pdfplumber,bulletin_3T25.pdf,DOSSO,Souchet / Rendement,2026-09-14
NE-4,TIGER_NUT_YIELD_KG_HA,2024/2025,2934.0,kg/ha,A,pdfplumber,bulletin_3T25.pdf,MARADI,Souchet / Rendement,2026-09-14
NE-6,TIGER_NUT_YIELD_KG_HA,2024/2025,1257.0,kg/ha,A,pdfplumber,bulletin_3T25.pdf,TILLABERY,Souchet / Rendement,2026-09-14
_T,TIGER_NUT_YIELD_KG_HA,2024/2025,2932.0,kg/ha,A,pdfplumber,bulletin_3T25.pdf,ENSEMBLE,Souchet / Rendement,2026-09-14
NE-3,TIGER_NUT_PROD_T,2024/2025,730.0,t,A,pdfplumber,bulletin_3T25.pdf,DOSSO,Souchet / Production,2026-09-14
NE-4,TIGER_NUT_PROD_T,2024/2025,71479.0,t,A,pdfplumber,bulletin_3T25.pdf,MARADI,Souchet / Production,2026-09-14
NE-6,TIGER_NUT_PROD_T,2024/2025,44.0,t,A,pdfplumber,bulletin_3T25.pdf,TILLABERY,Souchet / Production,2026-09-14
_T,TIGER_NUT_PROD_T,2024/2025,72253.0,t,A,pdfplumber,bulletin_3T25.pdf,ENSEMBLE,Souchet / Production,2026-09-14
NE-2,BAMBARA_NUT_AREA_HA,2024/2025,503.0,ha,A,pdfplumber,bulletin_3T25.pdf,DIFFA,Voandzou / Superficie,2026-09-14
NE-3,BAMBARA_NUT_AREA_HA,2024/2025,57818.0,ha,A,pdfplumber,bulletin_3T25.pdf,DOSSO,Voandzou / Superficie,2026-09-14
NE-4,BAMBARA_NUT_AREA_HA,2024/2025,4710.0,ha,A,pdfplumber,bulletin_3T25.pdf,MARADI,Voandzou / Superficie,2026-09-14
NE-5,BAMBARA_NUT_AREA_HA,2024/2025,6318.0,ha,A,pdfplumber,bulletin_3T25.pdf,TAHOUA,Voandzou / Superficie,2026-09-14
NE-6,BAMBARA_NUT_AREA_HA,2024/2025,4724.0,ha,A,pdfplumber,bulletin_3T25.pdf,TILLABERY,Voandzou / Superficie,2026-09-14
NE-7,BAMBARA_NUT_AREA_HA,2024/2025,2101.0,ha,A,pdfplumber,bulletin_3T25.pdf,ZINDER,Voandzou / Superficie,2026-09-14
NE-8,BAMBARA_NUT_AREA_HA,2024/2025,10.0,ha,A,pdfplumber,bulletin_3T25.pdf,NIAMEY.,Voandzou / Superficie,2026-09-14
_T,BAMBARA_NUT_AREA_HA,2024/2025,76184.0,ha,A,pdfplumber,bulletin_3T25.pdf,ENSEMBLE,Voandzou / Superficie,2026-09-14
NE-2,BAMBARA_NUT_YIELD_KG_HA,2024/2025,370.0,kg/ha,A,pdfplumber,bulletin_3T25.pdf,DIFFA,Voandzou / Rendement,2026-09-14
NE-3,BAMBARA_NUT_YIELD_KG_HA,2024/2025,680.0,kg/ha,A,pdfplumber,bulletin_3T25.pdf,DOSSO,Voandzou / Rendement,2026-09-14
NE-4,BAMBARA_NUT_YIELD_KG_HA,2024/2025,647.0,kg/ha,A,pdfplumber,bulletin_3T25.pdf,MARADI,Voandzou / Rendement,2026-09-14
NE-5,BAMBARA_NUT_YIELD_KG_HA,2024/2025,588.0,kg/ha,A,pdfplumber,bulletin_3T25.pdf,TAHOUA,Voandzou / Rendement,2026-09-14
NE-6,BAMBARA_NUT_YIELD_KG_HA,2024/2025,618.0,kg/ha,A,pdfplumber,bulletin_3T25.pdf,TILLABERY,Voandzou / Rendement,2026-09-14
NE-7,BAMBARA_NUT_YIELD_KG_HA,2024/2025,657.0,kg/ha,A,pdfplumber,bulletin_3T25.pdf,ZINDER,Voandzou / Rendement,2026-09-14
NE-8,BAMBARA_NUT_YIELD_KG_HA,2024/2025,700.0,kg/ha,A,pdfplumber,bulletin_3T25.pdf,NIAMEY.,Voandzou / Rendement,2026-09-14
_T,BAMBARA_NUT_YIELD_KG_HA,2024/2025,664.0,kg/ha,A,pdfplumber,bulletin_3T25.pdf,ENSEMBLE,Voandzou / Rendement,2026-09-14
NE-2,BAMBARA_NUT_PROD_T,2024/2025,186.0,t,A,pdfplumber,bulletin_3T25.pdf,DIFFA,Voandzou / Production,2026-09-14
NE-3,BAMBARA_NUT_PROD_T,2024/2025,39319.0,t,A,pdfplumber,bulletin_3T25.pdf,DOSSO,Voandzou / Production,2026-09-14
NE-4,BAMBARA_NUT_PROD_T,2024/2025,3046.0,t,A,pdfplumber,bulletin_3T25.pdf,MARADI,Voandzou / Production,2026-09-14
NE-5,BAMBARA_NUT_PROD_T,2024/2025,3712.0,t,A,pdfplumber,bulletin_3T25.pdf,TAHOUA,Voandzou / Production,2026-09-14
NE-6,BAMBARA_NUT_PROD_T,2024/2025,2920.0,t,A,pdfplumber,bulletin_3T25.pdf,TILLABERY,Voandzou / Production,2026-09-14
NE-7,BAMBARA_NUT_PROD_T,2024/2025,1381.0,t,A,pdfplumber,bulletin_3T25.pdf,ZINDER,Voandzou / Production,2026-09-14
NE-8,BAMBARA_NUT_PROD_T,2024/2025,7.0,t,A,pdfplumber,bulletin_3T25.pdf,NIAMEY.,Voandzou / Production,2026-09-14
_T,BAMBARA_NUT_PROD_T,2024/2025,50571.0,t,A,pdfplumber,bulletin_3T25.pdf,ENSEMBLE,Voandzou / Production,2026-09-14
NE-1,SORREL_AREA_HA,2024/2025,208.0,ha,A,pdfplumber,bulletin_3T25.pdf,AGADEZ,Oseille / Superficie,2026-09-14
NE-2,SORREL_AREA_HA,2024/2025,1722.0,ha,A,pdfplumber,bulletin_3T25.pdf,DIFFA,Oseille / Superficie,2026-09-14
NE-3,SORREL_AREA_HA,2024/2025,48302.0,ha,A,pdfplumber,bulletin_3T25.pdf,DOSSO,Oseille / Superficie,2026-09-14
NE-4,SORREL_AREA_HA,2024/2025,72869.0,ha,A,pdfplumber,bulletin_3T25.pdf,MARADI,Oseille / Superficie,2026-09-14
NE-5,SORREL_AREA_HA,2024/2025,1356.0,ha,A,pdfplumber,bulletin_3T25.pdf,TAHOUA,Oseille / Superficie,2026-09-14
NE-6,SORREL_AREA_HA,2024/2025,20360.0,ha,A,pdfplumber,bulletin_3T25.pdf,TILLABERY,Oseille / Superficie,2026-09-14
NE-7,SORREL_AREA_HA,2024/2025,17346.0,ha,A,pdfplumber,bulletin_3T25.pdf,ZINDER,Oseille / Superficie,2026-09-14
NE-8,SORREL_AREA_HA,2024/2025,139.0,ha,A,pdfplumber,bulletin_3T25.pdf,NIAMEY.,Oseille / Superficie,2026-09-14
_T,SORREL_AREA_HA,2024/2025,162302.0,ha,A,pdfplumber,bulletin_3T25.pdf,ENSEMBLE,Oseille / Superficie,2026-09-14
NE-1,SORREL_YIELD_KG_HA,2024/2025,635.0,kg/ha,A,pdfplumber,bulletin_3T25.pdf,AGADEZ,Oseille / Rendement,2026-09-14
NE-2,SORREL_YIELD_KG_HA,2024/2025,395.0,kg/ha,A,pdfplumber,bulletin_3T25.pdf,DIFFA,Oseille / Rendement,2026-09-14
NE-3,SORREL_YIELD_KG_HA,2024/2025,658.0,kg/ha,A,pdfplumber,bulletin_3T25.pdf,DOSSO,Oseille / Rendement,2026-09-14
NE-4,SORREL_YIELD_KG_HA,2024/2025,594.0,kg/ha,A,pdfplumber,bulletin_3T25.pdf,MARADI,Oseille / Rendement,2026-09-14
NE-5,SORREL_YIELD_KG_HA,2024/2025,523.0,kg/ha,A,pdfplumber,bulletin_3T25.pdf,TAHOUA,Oseille / Rendement,2026-09-14
NE-6,SORREL_YIELD_KG_HA,2024/2025,653.0,kg/ha,A,pdfplumber,bulletin_3T25.pdf,TILLABERY,Oseille / Rendement,2026-09-14
NE-7,SORREL_YIELD_KG_HA,2024/2025,496.0,kg/ha,A,pdfplumber,bulletin_3T25.pdf,ZINDER,Oseille / Rendement,2026-09-14
NE-8,SORREL_YIELD_KG_HA,2024/2025,475.0,kg/ha,A,pdfplumber,bulletin_3T25.pdf,NIAMEY.,Oseille / Rendement,2026-09-14
_T,SORREL_YIELD_KG_HA,2024/2025,607.0,kg/ha,A,pdfplumber,bulletin_3T25.pdf,ENSEMBLE,Oseille / Rendement,2026-09-14
NE-1,SORREL_PROD_T,2024/2025,132.0,t,A,pdfplumber,bulletin_3T25.pdf,AGADEZ,Oseille / Production,2026-09-14
NE-2,SORREL_PROD_T,2024/2025,680.0,t,A,pdfplumber,bulletin_3T25.pdf,DIFFA,Oseille / Production,2026-09-14
NE-3,SORREL_PROD_T,2024/2025,31786.0,t,A,pdfplumber,bulletin_3T25.pdf,DOSSO,Oseille / Production,2026-09-14
NE-4,SORREL_PROD_T,2024/2025,43250.0,t,A,pdfplumber,bulletin_3T25.pdf,MARADI,Oseille / Production,2026-09-14
NE-5,SORREL_PROD_T,2024/2025,709.0,t,A,pdfplumber,bulletin_3T25.pdf,TAHOUA,Oseille / Production,2026-09-14
NE-6,SORREL_PROD_T,2024/2025,13301.0,t,A,pdfplumber,bulletin_3T25.pdf,TILLABERY,Oseille / Production,2026-09-14
NE-7,SORREL_PROD_T,2024/2025,8595.0,t,A,pdfplumber,bulletin_3T25.pdf,ZINDER,Oseille / Production,2026-09-14
NE-8,SORREL_PROD_T,2024/2025,66.0,t,A,pdfplumber,bulletin_3T25.pdf,NIAMEY.,Oseille / Production,2026-09-14
_T,SORREL_PROD_T,2024/2025,98519.0,t,A,pdfplumber,bulletin_3T25.pdf,ENSEMBLE,Oseille / Production,2026-09-14
NE-1,OKRA_AREA_HA,2024/2025,217.0,ha,A,pdfplumber,bulletin_3T25.pdf,AGADEZ,Gombo / Superficie,2026-09-14
NE-2,OKRA_AREA_HA,2024/2025,412.0,ha,A,pdfplumber,bulletin_3T25.pdf,DIFFA,Gombo / Superficie,2026-09-14
NE-3,OKRA_AREA_HA,2024/2025,1129.0,ha,A,pdfplumber,bulletin_3T25.pdf,DOSSO,Gombo / Superficie,2026-09-14
NE-4,OKRA_AREA_HA,2024/2025,2024.0,ha,A,pdfplumber,bulletin_3T25.pdf,MARADI,Gombo / Superficie,2026-09-14
NE-5,OKRA_AREA_HA,2024/2025,11498.0,ha,A,pdfplumber,bulletin_3T25.pdf,TAHOUA,Gombo / Superficie,2026-09-14
NE-6,OKRA_AREA_HA,2024/2025,10636.0,ha,A,pdfplumber,bulletin_3T25.pdf,TILLABERY,Gombo / Superficie,2026-09-14
NE-7,OKRA_AREA_HA,2024/2025,80253.0,ha,A,pdfplumber,bulletin_3T25.pdf,ZINDER,Gombo / Superficie,2026-09-14
_T,OKRA_AREA_HA,2024/2025,106169.0,ha,A,pdfplumber,bulletin_3T25.pdf,ENSEMBLE,Gombo / Superficie,2026-09-14
NE-1,OKRA_YIELD_KG_HA,2024/2025,1323.0,kg/ha,A,pdfplumber,bulletin_3T25.pdf,AGADEZ,Gombo / Rendement,2026-09-14
NE-2,OKRA_YIELD_KG_HA,2024/2025,748.0,kg/ha,A,pdfplumber,bulletin_3T25.pdf,DIFFA,Gombo / Rendement,2026-09-14
NE-3,OKRA_YIELD_KG_HA,2024/2025,642.0,kg/ha,A,pdfplumber,bulletin_3T25.pdf,DOSSO,Gombo / Rendement,2026-09-14
NE-4,OKRA_YIELD_KG_HA,2024/2025,680.0,kg/ha,A,pdfplumber,bulletin_3T25.pdf,MARADI,Gombo / Rendement,2026-09-14
NE-5,OKRA_YIELD_KG_HA,2024/2025,744.0,kg/ha,A,pdfplumber,bulletin_3T25.pdf,TAHOUA,Gombo / Rendement,2026-09-14
NE-6,OKRA_YIELD_KG_HA,2024/2025,694.0,kg/ha,A,pdfplumber,bulletin_3T25.pdf,TILLABERY,Gombo / Rendement,2026-09-14
NE-7,OKRA_YIELD_KG_HA,2024/2025,1731.0,kg/ha,A,pdfplumber,bulletin_3T25.pdf,ZINDER,Gombo / Rendement,2026-09-14
_T,OKRA_YIELD_KG_HA,2024/2025,1484.0,kg/ha,A,pdfplumber,bulletin_3T25.pdf,ENSEMBLE,Gombo / Rendement,2026-09-14
NE-1,OKRA_PROD_T,2024/2025,287.0,t,A,pdfplumber,bulletin_3T25.pdf,AGADEZ,Gombo / Production,2026-09-14
NE-2,OKRA_PROD_T,2024/2025,308.0,t,A,pdfplumber,bulletin_3T25.pdf,DIFFA,Gombo / Production,2026-09-14
NE-3,OKRA_PROD_T,2024/2025,725.0,t,A,pdfplumber,bulletin_3T25.pdf,DOSSO,Gombo / Production,2026-09-14
NE-4,OKRA_PROD_T,2024/2025,1376.0,t,A,pdfplumber,bulletin_3T25.pdf,MARADI,Gombo / Production,2026-09-14
NE-5,OKRA_PROD_T,2024/2025,8550.0,t,A,pdfplumber,bulletin_3T25.pdf,TAHOUA,Gombo / Production,2026-09-14
NE-6,OKRA_PROD_T,2024/2025,7377.0,t,A,pdfplumber,bulletin_3T25.pdf,TILLABERY,Gombo / Production,2026-09-14
NE-7,OKRA_PROD_T,2024/2025,138917.0,t,A,pdfplumber,bulletin_3T25.pdf,ZINDER,Gombo / Production,2026-09-14
_T,OKRA_PROD_T,2024/2025,157540.0,t,A,pdfplumber,bulletin_3T25.pdf,ENSEMBLE,Gombo / Production,2026-09-14
NE-1,ONION_AREA_HA,2024/2025,3389.0,ha,A,pdfplumber,bulletin_3T25.pdf,AGADEZ,Oignon / Superficie,2026-09-14
NE-3,ONION_AREA_HA,2024/2025,404.0,ha,A,pdfplumber,bulletin_3T25.pdf,DOSSO,Oignon / Superficie,2026-09-14
NE-5,ONION_AREA_HA,2024/2025,512.0,ha,A,pdfplumber,bulletin_3T25.pdf,TAHOUA,Oignon / Superficie,2026-09-14
NE-7,ONION_AREA_HA,2024/2025,237.0,ha,A,pdfplumber,bulletin_3T25.pdf,ZINDER,Oignon / Superficie,2026-09-14
_T,ONION_AREA_HA,2024/2025,4542.0,ha,A,pdfplumber,bulletin_3T25.pdf,ENSEMBLE,Oignon / Superficie,2026-09-14
NE-1,ONION_YIELD_KG_HA,2024/2025,29218.0,kg/ha,A,pdfplumber,bulletin_3T25.pdf,AGADEZ,Oignon / Rendement,2026-09-14
NE-3,ONION_YIELD_KG_HA,2024/2025,27307.0,kg/ha,A,pdfplumber,bulletin_3T25.pdf,DOSSO,Oignon / Rendement,2026-09-14
NE-5,ONION_YIELD_KG_HA,2024/2025,12229.0,kg/ha,A,pdfplumber,bulletin_3T25.pdf,TAHOUA,Oignon / Rendement,2026-09-14
NE-7,ONION_YIELD_KG_HA,2024/2025,24308.0,kg/ha,A,pdfplumber,bulletin_3T25.pdf,ZINDER,Oignon / Rendement,2026-09-14
_T,ONION_YIELD_KG_HA,2024/2025,26877.0,kg/ha,A,pdfplumber,bulletin_3T25.pdf,ENSEMBLE,Oignon / Rendement,2026-09-14
NE-1,ONION_PROD_T,2024/2025,99020.0,t,A,pdfplumber,bulletin_3T25.pdf,AGADEZ,Oignon / Production,2026-09-14
NE-3,ONION_PROD_T,2024/2025,11032.0,t,A,pdfplumber,bulletin_3T25.pdf,DOSSO,Oignon / Production,2026-09-14
NE-5,ONION_PROD_T,2024/2025,6261.0,t,A,pdfplumber,bulletin_3T25.pdf,TAHOUA,Oignon / Production,2026-09-14
NE-7,ONION_PROD_T,2024/2025,5761.0,t,A,pdfplumber,bulletin_3T25.pdf,ZINDER,Oignon / Production,2026-09-14
_T,ONION_PROD_T,2024/2025,122074.0,t,A,pdfplumber,bulletin_3T25.pdf,ENSEMBLE,Oignon / Production,2026-09-14
NE-1,MORINGA_AREA_HA,2024/2025,560.0,ha,A,pdfplumber,bulletin_3T25.pdf,AGADEZ,Moringa / Superficie,2026-09-14
NE-3,MORINGA_AREA_HA,2024/2025,1671.0,ha,A,pdfplumber,bulletin_3T25.pdf,DOSSO,Moringa / Superficie,2026-09-14
NE-4,MORINGA_AREA_HA,2024/2025,3163.0,ha,A,pdfplumber,bulletin_3T25.pdf,MARADI,Moringa / Superficie,2026-09-14
NE-5,MORINGA_AREA_HA,2024/2025,165.0,ha,A,pdfplumber,bulletin_3T25.pdf,TAHOUA,Moringa / Superficie,2026-09-14
NE-6,MORINGA_AREA_HA,2024/2025,4110.0,ha,A,pdfplumber,bulletin_3T25.pdf,TILLABERY,Moringa / Superficie,2026-09-14
NE-7,MORINGA_AREA_HA,2024/2025,1702.0,ha,A,pdfplumber,bulletin_3T25.pdf,ZINDER,Moringa / Superficie,2026-09-14
NE-8,MORINGA_AREA_HA,2024/2025,326.0,ha,A,pdfplumber,bulletin_3T25.pdf,NIAMEY.,Moringa / Superficie,2026-09-14
_T,MORINGA_AREA_HA,2024/2025,11697.0,ha,A,pdfplumber,bulletin_3T25.pdf,ENSEMBLE,Moringa / Superficie,2026-09-14
NE-1,MORINGA_YIELD_KG_HA,2024/2025,25541.0,kg/ha,A,pdfplumber,bulletin_3T25.pdf,AGADEZ,Moringa / Rendement,2026-09-14
NE-3,MORINGA_YIELD_KG_HA,2024/2025,24280.0,kg/ha,A,pdfplumber,bulletin_3T25.pdf,DOSSO,Moringa / Rendement,2026-09-14
NE-4,MORINGA_YIELD_KG_HA,2024/2025,28031.0,kg/ha,A,pdfplumber,bulletin_3T25.pdf,MARADI,Moringa / Rendement,2026-09-14
NE-5,MORINGA_YIELD_KG_HA,2024/2025,25903.0,kg/ha,A,pdfplumber,bulletin_3T25.pdf,TAHOUA,Moringa / Rendement,2026-09-14
NE-6,MORINGA_YIELD_KG_HA,2024/2025,19181.0,kg/ha,A,pdfplumber,bulletin_3T25.pdf,TILLABERY,Moringa / Rendement,2026-09-14
NE-7,MORINGA_YIELD_KG_HA,2024/2025,15767.0,kg/ha,A,pdfplumber,bulletin_3T25.pdf,ZINDER,Moringa / Rendement,2026-09-14
NE-8,MORINGA_YIELD_KG_HA,2024/2025,24316.0,kg/ha,A,pdfplumber,bulletin_3T25.pdf,NIAMEY.,Moringa / Rendement,2026-09-14
_T,MORINGA_YIELD_KG_HA,2024/2025,22348.0,kg/ha,A,pdfplumber,bulletin_3T25.pdf,ENSEMBLE,Moringa / Rendement,2026-09-14
NE-1,MORINGA_PROD_T,2024/2025,14303.0,t,A,pdfplumber,bulletin_3T25.pdf,AGADEZ,Moringa / Production,2026-09-14
NE-3,MORINGA_PROD_T,2024/2025,40572.0,t,A,pdfplumber,bulletin_3T25.pdf,DOSSO,Moringa / Production,2026-09-14
NE-4,MORINGA_PROD_T,2024/2025,88662.0,t,A,pdfplumber,bulletin_3T25.pdf,MARADI,Moringa / Production,2026-09-14
NE-5,MORINGA_PROD_T,2024/2025,4274.0,t,A,pdfplumber,bulletin_3T25.pdf,TAHOUA,Moringa / Production,2026-09-14
NE-6,MORINGA_PROD_T,2024/2025,78834.0,t,A,pdfplumber,bulletin_3T25.pdf,TILLABERY,Moringa / Production,2026-09-14
NE-7,MORINGA_PROD_T,2024/2025,26836.0,t,A,pdfplumber,bulletin_3T25.pdf,ZINDER,Moringa / Production,2026-09-14
NE-8,MORINGA_PROD_T,2024/2025,7927.0,t,A,pdfplumber,bulletin_3T25.pdf,NIAMEY.,Moringa / Production,2026-09-14
_T,MORINGA_PROD_T,2024/2025,261408.0,t,A,pdfplumber,bulletin_3T25.pdf,ENSEMBLE,Moringa / Production,2026-09-14
NE-1,CASSAVA_AREA_HA,2024/2025,17.0,ha,A,pdfplumber,bulletin_3T25.pdf,AGADEZ,Manioc / Superficie,2026-09-14
NE-2,CASSAVA_AREA_HA,2024/2025,5270.0,ha,A,pdfplumber,bulletin_3T25.pdf,DIFFA,Manioc / Superficie,2026-09-14
NE-3,CASSAVA_AREA_HA,2024/2025,1784.0,ha,A,pdfplumber,bulletin_3T25.pdf,DOSSO,Manioc / Superficie,2026-09-14
NE-4,CASSAVA_AREA_HA,2024/2025,1546.0,ha,A,pdfplumber,bulletin_3T25.pdf,MARADI,Manioc / Superficie,2026-09-14
NE-5,CASSAVA_AREA_HA,2024/2025,1639.0,ha,A,pdfplumber,bulletin_3T25.pdf,TAHOUA,Manioc / Superficie,2026-09-14
NE-6,CASSAVA_AREA_HA,2024/2025,1912.0,ha,A,pdfplumber,bulletin_3T25.pdf,TILLABERY,Manioc / Superficie,2026-09-14
NE-7,CASSAVA_AREA_HA,2024/2025,7741.0,ha,A,pdfplumber,bulletin_3T25.pdf,ZINDER,Manioc / Superficie,2026-09-14
NE-8,CASSAVA_AREA_HA,2024/2025,83.0,ha,A,pdfplumber,bulletin_3T25.pdf,NIAMEY.,Manioc / Superficie,2026-09-14
_T,CASSAVA_AREA_HA,2024/2025,19992.0,ha,A,pdfplumber,bulletin_3T25.pdf,ENSEMBLE,Manioc / Superficie,2026-09-14
NE-1,CASSAVA_YIELD_KG_HA,2024/2025,18941.0,kg/ha,A,pdfplumber,bulletin_3T25.pdf,AGADEZ,Manioc / Rendement,2026-09-14
NE-2,CASSAVA_YIELD_KG_HA,2024/2025,30104.0,kg/ha,A,pdfplumber,bulletin_3T25.pdf,DIFFA,Manioc / Rendement,2026-09-14
NE-3,CASSAVA_YIELD_KG_HA,2024/2025,21053.0,kg/ha,A,pdfplumber,bulletin_3T25.pdf,DOSSO,Manioc / Rendement,2026-09-14
NE-4,CASSAVA_YIELD_KG_HA,2024/2025,23701.0,kg/ha,A,pdfplumber,bulletin_3T25.pdf,MARADI,Manioc / Rendement,2026-09-14
NE-5,CASSAVA_YIELD_KG_HA,2024/2025,34159.0,kg/ha,A,pdfplumber,bulletin_3T25.pdf,TAHOUA,Manioc / Rendement,2026-09-14
NE-6,CASSAVA_YIELD_KG_HA,2024/2025,23662.0,kg/ha,A,pdfplumber,bulletin_3T25.pdf,TILLABERY,Manioc / Rendement,2026-09-14
NE-7,CASSAVA_YIELD_KG_HA,2024/2025,33540.0,kg/ha,A,pdfplumber,bulletin_3T25.pdf,ZINDER,Manioc / Rendement,2026-09-14
NE-8,CASSAVA_YIELD_KG_HA,2024/2025,26241.0,kg/ha,A,pdfplumber,bulletin_3T25.pdf,NIAMEY.,Manioc / Rendement,2026-09-14
_T,CASSAVA_YIELD_KG_HA,2024/2025,29822.0,kg/ha,A,pdfplumber,bulletin_3T25.pdf,ENSEMBLE,Manioc / Rendement,2026-09-14
NE-1,CASSAVA_PROD_T,2024/2025,322.0,t,A,pdfplumber,bulletin_3T25.pdf,AGADEZ,Manioc / Production,2026-09-14
NE-2,CASSAVA_PROD_T,2024/2025,158648.0,t,A,pdfplumber,bulletin_3T25.pdf,DIFFA,Manioc / Production,2026-09-14
NE-3,CASSAVA_PROD_T,2024/2025,37558.0,t,A,pdfplumber,bulletin_3T25.pdf,DOSSO,Manioc / Production,2026-09-14
NE-4,CASSAVA_PROD_T,2024/2025,36641.0,t,A,pdfplumber,bulletin_3T25.pdf,MARADI,Manioc / Production,2026-09-14
NE-5,CASSAVA_PROD_T,2024/2025,55987.0,t,A,pdfplumber,bulletin_3T25.pdf,TAHOUA,Manioc / Production,2026-09-14
NE-6,CASSAVA_PROD_T,2024/2025,45241.0,t,A,pdfplumber,bulletin_3T25.pdf,TILLABERY,Manioc / Production,2026-09-14
NE-7,CASSAVA_PROD_T,2024/2025,259635.0,t,A,pdfplumber,bulletin_3T25.pdf,ZINDER,Manioc / Production,2026-09-14
NE-8,CASSAVA_PROD_T,2024/2025,2178.0,t,A,pdfplumber,bulletin_3T25.pdf,NIAMEY.,Manioc / Production,2026-09-14
_T,CASSAVA_PROD_T,2024/2025,596210.0,t,A,pdfplumber,bulletin_3T25.pdf,ENSEMBLE,Manioc / Production,2026-09-14
NE-2,SWEET_POTATO_AREA_HA,2024/2025,2705.0,ha,A,pdfplumber,bulletin_3T25.pdf,DIFFA,Patate douce / Superficie,2026-09-14
NE-3,SWEET_POTATO_AREA_HA,2024/2025,866.0,ha,A,pdfplumber,bulletin_3T25.pdf,DOSSO,Patate douce / Superficie,2026-09-14
NE-4,SWEET_POTATO_AREA_HA,2024/2025,5816.0,ha,A,pdfplumber,bulletin_3T25.pdf,MARADI,Patate douce / Superficie,2026-09-14
NE-5,SWEET_POTATO_AREA_HA,2024/2025,206.0,ha,A,pdfplumber,bulletin_3T25.pdf,TAHOUA,Patate douce / Superficie,2026-09-14
NE-6,SWEET_POTATO_AREA_HA,2024/2025,1041.0,ha,A,pdfplumber,bulletin_3T25.pdf,TILLABERY,Patate douce / Superficie,2026-09-14
NE-7,SWEET_POTATO_AREA_HA,2024/2025,379.0,ha,A,pdfplumber,bulletin_3T25.pdf,ZINDER,Patate douce / Superficie,2026-09-14
_T,SWEET_POTATO_AREA_HA,2024/2025,11013.0,ha,A,pdfplumber,bulletin_3T25.pdf,ENSEMBLE,Patate douce / Superficie,2026-09-14
NE-2,SWEET_POTATO_YIELD_KG_HA,2024/2025,27804.0,kg/ha,A,pdfplumber,bulletin_3T25.pdf,DIFFA,Patate douce / Rendement,2026-09-14
NE-3,SWEET_POTATO_YIELD_KG_HA,2024/2025,19035.0,kg/ha,A,pdfplumber,bulletin_3T25.pdf,DOSSO,Patate douce / Rendement,2026-09-14
NE-4,SWEET_POTATO_YIELD_KG_HA,2024/2025,17845.0,kg/ha,A,pdfplumber,bulletin_3T25.pdf,MARADI,Patate douce / Rendement,2026-09-14
NE-5,SWEET_POTATO_YIELD_KG_HA,2024/2025,30228.0,kg/ha,A,pdfplumber,bulletin_3T25.pdf,TAHOUA,Patate douce / Rendement,2026-09-14
NE-6,SWEET_POTATO_YIELD_KG_HA,2024/2025,15354.0,kg/ha,A,pdfplumber,bulletin_3T25.pdf,TILLABERY,Patate douce / Rendement,2026-09-14
NE-7,SWEET_POTATO_YIELD_KG_HA,2024/2025,29768.0,kg/ha,A,pdfplumber,bulletin_3T25.pdf,ZINDER,Patate douce / Rendement,2026-09-14
_T,SWEET_POTATO_YIELD_KG_HA,2024/2025,20791.0,kg/ha,A,pdfplumber,bulletin_3T25.pdf,ENSEMBLE,Patate douce / Rendement,2026-09-14
NE-2,SWEET_POTATO_PROD_T,2024/2025,75211.0,t,A,pdfplumber,bulletin_3T25.pdf,DIFFA,Patate douce / Production,2026-09-14
NE-3,SWEET_POTATO_PROD_T,2024/2025,16484.0,t,A,pdfplumber,bulletin_3T25.pdf,DOSSO,Patate douce / Production,2026-09-14
NE-4,SWEET_POTATO_PROD_T,2024/2025,103787.0,t,A,pdfplumber,bulletin_3T25.pdf,MARADI,Patate douce / Production,2026-09-14
NE-5,SWEET_POTATO_PROD_T,2024/2025,6227.0,t,A,pdfplumber,bulletin_3T25.pdf,TAHOUA,Patate douce / Production,2026-09-14
NE-6,SWEET_POTATO_PROD_T,2024/2025,15983.0,t,A,pdfplumber,bulletin_3T25.pdf,TILLABERY,Patate douce / Production,2026-09-14
NE-7,SWEET_POTATO_PROD_T,2024/2025,11282.0,t,A,pdfplumber,bulletin_3T25.pdf,ZINDER,Patate douce / Production,2026-09-14
_T,SWEET_POTATO_PROD_T,2024/2025,228974.0,t,A,pdfplumber,bulletin_3T25.pdf,ENSEMBLE,Patate douce / Production,2026-09-14
NE-1,PEPPER_AREA_HA,2024/2025,290.0,ha,A,camelot_ml,bulletin_3T25.pdf,AGADEZ,Poivron / Superficie,2026-09-14
NE-5,PEPPER_AREA_HA,2024/2025,9.0,ha,A,camelot_ml,bulletin_3T25.pdf,TAHOUA,Poivron / Superficie,2026-09-14
NE-6,PEPPER_AREA_HA,2024/2025,107.0,ha,A,camelot_ml,bulletin_3T25.pdf,TILLABERY,Poivron / Superficie,2026-09-14
NE-7,PEPPER_AREA_HA,2024/2025,860.0,ha,A,camelot_ml,bulletin_3T25.pdf,ZINDER,Poivron / Superficie,2026-09-14
_T,PEPPER_AREA_HA,2024/2025,1266.0,ha,A,camelot_ml,bulletin_3T25.pdf,ENSEMBLE,Poivron / Superficie,2026-09-14
NE-1,PEPPER_YIELD_KG_HA,2024/2025,22955.0,kg/ha,A,camelot_ml,bulletin_3T25.pdf,AGADEZ,Poivron / Rendement,2026-09-14
NE-5,PEPPER_YIELD_KG_HA,2024/2025,21111.0,kg/ha,A,camelot_ml,bulletin_3T25.pdf,TAHOUA,Poivron / Rendement,2026-09-14
NE-7,PEPPER_YIELD_KG_HA,2024/2025,23294.0,kg/ha,A,camelot_ml,bulletin_3T25.pdf,ZINDER,Poivron / Rendement,2026-09-14
_T,PEPPER_YIELD_KG_HA,2024/2025,21232.0,kg/ha,A,camelot_ml,bulletin_3T25.pdf,ENSEMBLE,Poivron / Rendement,2026-09-14
NE-1,PEPPER_PROD_T,2024/2025,6657.0,t,A,camelot_ml,bulletin_3T25.pdf,AGADEZ,Poivron / Production,2026-09-14
NE-5,PEPPER_PROD_T,2024/2025,190.0,t,A,camelot_ml,bulletin_3T25.pdf,TAHOUA,Poivron / Production,2026-09-14
NE-7,PEPPER_PROD_T,2024/2025,20033.0,t,A,camelot_ml,bulletin_3T25.pdf,ZINDER,Poivron / Production,2026-09-14
_T,PEPPER_PROD_T,2024/2025,26880.0,t,A,camelot_ml,bulletin_3T25.pdf,ENSEMBLE,Poivron / Production,2026-09-14
NE-1,MILLET_AREA_HA,2023/2024,73.0,ha,A,pdfplumber,bulletin_1T24.pdf,AGADEZ,Mil / Superficie,2026-09-14
NE-2,MILLET_AREA_HA,2023/2024,96728.0,ha,A,pdfplumber,bulletin_1T24.pdf,DIFFA,Mil / Superficie,2026-09-14
NE-3,MILLET_AREA_HA,2023/2024,1141816.0,ha,A,pdfplumber,bulletin_1T24.pdf,DOSSO,Mil / Superficie,2026-09-14
NE-4,MILLET_AREA_HA,2023/2024,1459387.0,ha,A,pdfplumber,bulletin_1T24.pdf,MARADI,Mil / Superficie,2026-09-14
NE-5,MILLET_AREA_HA,2023/2024,1301537.0,ha,A,pdfplumber,bulletin_1T24.pdf,TAHOUA,Mil / Superficie,2026-09-14
NE-6,MILLET_AREA_HA,2023/2024,1304993.0,ha,A,pdfplumber,bulletin_1T24.pdf,TILLABERY,Mil / Superficie,2026-09-14
NE-7,MILLET_AREA_HA,2023/2024,1414049.0,ha,A,pdfplumber,bulletin_1T24.pdf,ZINDER,Mil / Superficie,2026-09-14
NE-8,MILLET_AREA_HA,2023/2024,18008.0,ha,A,pdfplumber,bulletin_1T24.pdf,NIAMEY.,Mil / Superficie,2026-09-14
_T,MILLET_AREA_HA,2023/2024,6736592.0,ha,A,pdfplumber,bulletin_1T24.pdf,ENSEMBLE,Mil / Superficie,2026-09-14
NE-1,MILLET_YIELD_KG_HA,2023/2024,371.0,kg/ha,A,pdfplumber,bulletin_1T24.pdf,AGADEZ,Mil / Rendement,2026-09-14
NE-2,MILLET_YIELD_KG_HA,2023/2024,323.0,kg/ha,A,pdfplumber,bulletin_1T24.pdf,DIFFA,Mil / Rendement,2026-09-14
NE-3,MILLET_YIELD_KG_HA,2023/2024,477.0,kg/ha,A,pdfplumber,bulletin_1T24.pdf,DOSSO,Mil / Rendement,2026-09-14
NE-4,MILLET_YIELD_KG_HA,2023/2024,583.0,kg/ha,A,pdfplumber,bulletin_1T24.pdf,MARADI,Mil / Rendement,2026-09-14
NE-5,MILLET_YIELD_KG_HA,2023/2024,512.0,kg/ha,A,pdfplumber,bulletin_1T24.pdf,TAHOUA,Mil / Rendement,2026-09-14
NE-6,MILLET_YIELD_KG_HA,2023/2024,338.0,kg/ha,A,pdfplumber,bulletin_1T24.pdf,TILLABERY,Mil / Rendement,2026-09-14
NE-7,MILLET_YIELD_KG_HA,2023/2024,438.0,kg/ha,A,pdfplumber,bulletin_1T24.pdf,ZINDER,Mil / Rendement,2026-09-14
NE-8,MILLET_YIELD_KG_HA,2023/2024,458.0,kg/ha,A,pdfplumber,bulletin_1T24.pdf,NIAMEY.,Mil / Rendement,2026-09-14
_T,MILLET_YIELD_KG_HA,2023/2024,469.0,kg/ha,A,pdfplumber,bulletin_1T24.pdf,ENSEMBLE,Mil / Rendement,2026-09-14
NE-1,MILLET_PROD_T,2023/2024,27.0,t,A,pdfplumber,bulletin_1T24.pdf,AGADEZ,Mil / Production,2026-09-14
NE-2,MILLET_PROD_T,2023/2024,31252.0,t,A,pdfplumber,bulletin_1T24.pdf,DIFFA,Mil / Production,2026-09-14
NE-3,MILLET_PROD_T,2023/2024,544993.0,t,A,pdfplumber,bulletin_1T24.pdf,DOSSO,Mil / Production,2026-09-14
NE-4,MILLET_PROD_T,2023/2024,850612.0,t,A,pdfplumber,bulletin_1T24.pdf,MARADI,Mil / Production,2026-09-14
NE-5,MILLET_PROD_T,2023/2024,666778.0,t,A,pdfplumber,bulletin_1T24.pdf,TAHOUA,Mil / Production,2026-09-14
NE-6,MILLET_PROD_T,2023/2024,440546.0,t,A,pdfplumber,bulletin_1T24.pdf,TILLABERY,Mil / Production,2026-09-14
NE-7,MILLET_PROD_T,2023/2024,619420.0,t,A,pdfplumber,bulletin_1T24.pdf,ZINDER,Mil / Production,2026-09-14
NE-8,MILLET_PROD_T,2023/2024,8240.0,t,A,pdfplumber,bulletin_1T24.pdf,NIAMEY.,Mil / Production,2026-09-14
_T,MILLET_PROD_T,2023/2024,3161868.0,t,A,pdfplumber,bulletin_1T24.pdf,ENSEMBLE,Mil / Production,2026-09-14
NE-1,SORGHUM_AREA_HA,2023/2024,100.0,ha,A,pdfplumber,bulletin_1T24.pdf,AGADEZ,Sorgho / Superficie,2026-09-14
NE-2,SORGHUM_AREA_HA,2023/2024,23647.0,ha,A,pdfplumber,bulletin_1T24.pdf,DIFFA,Sorgho / Superficie,2026-09-14
NE-3,SORGHUM_AREA_HA,2023/2024,357856.0,ha,A,pdfplumber,bulletin_1T24.pdf,DOSSO,Sorgho / Superficie,2026-09-14
NE-4,SORGHUM_AREA_HA,2023/2024,1064466.0,ha,A,pdfplumber,bulletin_1T24.pdf,MARADI,Sorgho / Superficie,2026-09-14
NE-5,SORGHUM_AREA_HA,2023/2024,550838.0,ha,A,pdfplumber,bulletin_1T24.pdf,TAHOUA,Sorgho / Superficie,2026-09-14
NE-6,SORGHUM_AREA_HA,2023/2024,399914.0,ha,A,pdfplumber,bulletin_1T24.pdf,TILLABERY,Sorgho / Superficie,2026-09-14
NE-7,SORGHUM_AREA_HA,2023/2024,1138060.0,ha,A,pdfplumber,bulletin_1T24.pdf,ZINDER,Sorgho / Superficie,2026-09-14
NE-8,SORGHUM_AREA_HA,2023/2024,384.0,ha,A,pdfplumber,bulletin_1T24.pdf,NIAMEY.,Sorgho / Superficie,2026-09-14
_T,SORGHUM_AREA_HA,2023/2024,3535264.0,ha,A,pdfplumber,bulletin_1T24.pdf,ENSEMBLE,Sorgho / Superficie,2026-09-14
NE-1,SORGHUM_YIELD_KG_HA,2023/2024,300.0,kg/ha,A,pdfplumber,bulletin_1T24.pdf,AGADEZ,Sorgho / Rendement,2026-09-14
NE-2,SORGHUM_YIELD_KG_HA,2023/2024,253.0,kg/ha,A,pdfplumber,bulletin_1T24.pdf,DIFFA,Sorgho / Rendement,2026-09-14
NE-3,SORGHUM_YIELD_KG_HA,2023/2024,475.0,kg/ha,A,pdfplumber,bulletin_1T24.pdf,DOSSO,Sorgho / Rendement,2026-09-14
NE-4,SORGHUM_YIELD_KG_HA,2023/2024,590.0,kg/ha,A,pdfplumber,bulletin_1T24.pdf,MARADI,Sorgho / Rendement,2026-09-14
NE-5,SORGHUM_YIELD_KG_HA,2023/2024,638.0,kg/ha,A,pdfplumber,bulletin_1T24.pdf,TAHOUA,Sorgho / Rendement,2026-09-14
NE-6,SORGHUM_YIELD_KG_HA,2023/2024,334.0,kg/ha,A,pdfplumber,bulletin_1T24.pdf,TILLABERY,Sorgho / Rendement,2026-09-14
NE-7,SORGHUM_YIELD_KG_HA,2023/2024,361.0,kg/ha,A,pdfplumber,bulletin_1T24.pdf,ZINDER,Sorgho / Rendement,2026-09-14
NE-8,SORGHUM_YIELD_KG_HA,2023/2024,566.0,kg/ha,A,pdfplumber,bulletin_1T24.pdf,NIAMEY.,Sorgho / Rendement,2026-09-14
_T,SORGHUM_YIELD_KG_HA,2023/2024,481.0,kg/ha,A,pdfplumber,bulletin_1T24.pdf,ENSEMBLE,Sorgho / Rendement,2026-09-14
NE-1,SORGHUM_PROD_T,2023/2024,30.0,t,A,pdfplumber,bulletin_1T24.pdf,AGADEZ,Sorgho / Production,2026-09-14
NE-2,SORGHUM_PROD_T,2023/2024,5971.0,t,A,pdfplumber,bulletin_1T24.pdf,DIFFA,Sorgho / Production,2026-09-14
NE-3,SORGHUM_PROD_T,2023/2024,170038.0,t,A,pdfplumber,bulletin_1T24.pdf,DOSSO,Sorgho / Production,2026-09-14
NE-4,SORGHUM_PROD_T,2023/2024,628546.0,t,A,pdfplumber,bulletin_1T24.pdf,MARADI,Sorgho / Production,2026-09-14
NE-5,SORGHUM_PROD_T,2023/2024,351518.0,t,A,pdfplumber,bulletin_1T24.pdf,TAHOUA,Sorgho / Production,2026-09-14
NE-6,SORGHUM_PROD_T,2023/2024,133600.0,t,A,pdfplumber,bulletin_1T24.pdf,TILLABERY,Sorgho / Production,2026-09-14
NE-7,SORGHUM_PROD_T,2023/2024,410988.0,t,A,pdfplumber,bulletin_1T24.pdf,ZINDER,Sorgho / Production,2026-09-14
NE-8,SORGHUM_PROD_T,2023/2024,217.0,t,A,pdfplumber,bulletin_1T24.pdf,NIAMEY.,Sorgho / Production,2026-09-14
_T,SORGHUM_PROD_T,2023/2024,1700908.0,t,A,pdfplumber,bulletin_1T24.pdf,ENSEMBLE,Sorgho / Production,2026-09-14
NE-1,RICE_AREA_HA,2023/2024,40.0,ha,A,pdfplumber,bulletin_1T24.pdf,AGADEZ,Riz / Superficie,2026-09-14
NE-2,RICE_AREA_HA,2023/2024,1956.0,ha,A,pdfplumber,bulletin_1T24.pdf,DIFFA,Riz / Superficie,2026-09-14
NE-3,RICE_AREA_HA,2023/2024,5570.0,ha,A,pdfplumber,bulletin_1T24.pdf,DOSSO,Riz / Superficie,2026-09-14
NE-4,RICE_AREA_HA,2023/2024,1154.0,ha,A,pdfplumber,bulletin_1T24.pdf,MARADI,Riz / Superficie,2026-09-14
NE-5,RICE_AREA_HA,2023/2024,2655.0,ha,A,pdfplumber,bulletin_1T24.pdf,TAHOUA,Riz / Superficie,2026-09-14
NE-6,RICE_AREA_HA,2023/2024,6913.0,ha,A,pdfplumber,bulletin_1T24.pdf,TILLABERY,Riz / Superficie,2026-09-14
NE-7,RICE_AREA_HA,2023/2024,2417.0,ha,A,pdfplumber,bulletin_1T24.pdf,ZINDER,Riz / Superficie,2026-09-14
NE-8,RICE_AREA_HA,2023/2024,8.0,ha,A,pdfplumber,bulletin_1T24.pdf,NIAMEY.,Riz / Superficie,2026-09-14
_T,RICE_AREA_HA,2023/2024,20712.0,ha,A,pdfplumber,bulletin_1T24.pdf,ENSEMBLE,Riz / Superficie,2026-09-14
NE-1,RICE_YIELD_KG_HA,2023/2024,935.0,kg/ha,A,pdfplumber,bulletin_1T24.pdf,AGADEZ,Riz / Rendement,2026-09-14
NE-2,RICE_YIELD_KG_HA,2023/2024,2205.0,kg/ha,A,pdfplumber,bulletin_1T24.pdf,DIFFA,Riz / Rendement,2026-09-14
NE-3,RICE_YIELD_KG_HA,2023/2024,1795.0,kg/ha,A,pdfplumber,bulletin_1T24.pdf,DOSSO,Riz / Rendement,2026-09-14
NE-4,RICE_YIELD_KG_HA,2023/2024,1807.0,kg/ha,A,pdfplumber,bulletin_1T24.pdf,MARADI,Riz / Rendement,2026-09-14
NE-5,RICE_YIELD_KG_HA,2023/2024,1514.0,kg/ha,A,pdfplumber,bulletin_1T24.pdf,TAHOUA,Riz / Rendement,2026-09-14
NE-6,RICE_YIELD_KG_HA,2023/2024,2304.0,kg/ha,A,pdfplumber,bulletin_1T24.pdf,TILLABERY,Riz / Rendement,2026-09-14
NE-7,RICE_YIELD_KG_HA,2023/2024,2723.0,kg/ha,A,pdfplumber,bulletin_1T24.pdf,ZINDER,Riz / Rendement,2026-09-14
NE-8,RICE_YIELD_KG_HA,2023/2024,3038.0,kg/ha,A,pdfplumber,bulletin_1T24.pdf,NIAMEY.,Riz / Rendement,2026-09-14
_T,RICE_YIELD_KG_HA,2023/2024,2075.0,kg/ha,A,pdfplumber,bulletin_1T24.pdf,ENSEMBLE,Riz / Rendement,2026-09-14
NE-1,RICE_PROD_T,2023/2024,37.0,t,A,pdfplumber,bulletin_1T24.pdf,AGADEZ,Riz / Production,2026-09-14
NE-2,RICE_PROD_T,2023/2024,4314.0,t,A,pdfplumber,bulletin_1T24.pdf,DIFFA,Riz / Production,2026-09-14
NE-3,RICE_PROD_T,2023/2024,9996.0,t,A,pdfplumber,bulletin_1T24.pdf,DOSSO,Riz / Production,2026-09-14
NE-4,RICE_PROD_T,2023/2024,2086.0,t,A,pdfplumber,bulletin_1T24.pdf,MARADI,Riz / Production,2026-09-14
NE-5,RICE_PROD_T,2023/2024,4019.0,t,A,pdfplumber,bulletin_1T24.pdf,TAHOUA,Riz / Production,2026-09-14
NE-6,RICE_PROD_T,2023/2024,15926.0,t,A,pdfplumber,bulletin_1T24.pdf,TILLABERY,Riz / Production,2026-09-14
NE-7,RICE_PROD_T,2023/2024,6580.0,t,A,pdfplumber,bulletin_1T24.pdf,ZINDER,Riz / Production,2026-09-14
NE-8,RICE_PROD_T,2023/2024,24.0,t,A,pdfplumber,bulletin_1T24.pdf,NIAMEY.,Riz / Production,2026-09-14
_T,RICE_PROD_T,2023/2024,42981.0,t,A,pdfplumber,bulletin_1T24.pdf,ENSEMBLE,Riz / Production,2026-09-14
NE-1,MAIZE_AREA_HA,2023/2024,660.0,ha,A,pdfplumber,bulletin_1T24.pdf,AGADEZ,Maïs / Superficie,2026-09-14
NE-2,MAIZE_AREA_HA,2023/2024,2479.0,ha,A,pdfplumber,bulletin_1T24.pdf,DIFFA,Maïs / Superficie,2026-09-14
NE-3,MAIZE_AREA_HA,2023/2024,2804.0,ha,A,pdfplumber,bulletin_1T24.pdf,DOSSO,Maïs / Superficie,2026-09-14
NE-4,MAIZE_AREA_HA,2023/2024,2451.0,ha,A,pdfplumber,bulletin_1T24.pdf,MARADI,Maïs / Superficie,2026-09-14
NE-5,MAIZE_AREA_HA,2023/2024,2056.0,ha,A,pdfplumber,bulletin_1T24.pdf,TAHOUA,Maïs / Superficie,2026-09-14
NE-6,MAIZE_AREA_HA,2023/2024,2249.0,ha,A,pdfplumber,bulletin_1T24.pdf,TILLABERY,Maïs / Superficie,2026-09-14
NE-7,MAIZE_AREA_HA,2023/2024,1511.0,ha,A,pdfplumber,bulletin_1T24.pdf,ZINDER,Maïs / Superficie,2026-09-14
NE-8,MAIZE_AREA_HA,2023/2024,54.0,ha,A,pdfplumber,bulletin_1T24.pdf,NIAMEY.,Maïs / Superficie,2026-09-14
_T,MAIZE_AREA_HA,2023/2024,14264.0,ha,A,pdfplumber,bulletin_1T24.pdf,ENSEMBLE,Maïs / Superficie,2026-09-14
NE-1,MAIZE_YIELD_KG_HA,2023/2024,814.0,kg/ha,A,pdfplumber,bulletin_1T24.pdf,AGADEZ,Maïs / Rendement,2026-09-14
NE-2,MAIZE_YIELD_KG_HA,2023/2024,684.0,kg/ha,A,pdfplumber,bulletin_1T24.pdf,DIFFA,Maïs / Rendement,2026-09-14
NE-3,MAIZE_YIELD_KG_HA,2023/2024,641.0,kg/ha,A,pdfplumber,bulletin_1T24.pdf,DOSSO,Maïs / Rendement,2026-09-14
NE-4,MAIZE_YIELD_KG_HA,2023/2024,717.0,kg/ha,A,pdfplumber,bulletin_1T24.pdf,MARADI,Maïs / Rendement,2026-09-14
NE-5,MAIZE_YIELD_KG_HA,2023/2024,653.0,kg/ha,A,pdfplumber,bulletin_1T24.pdf,TAHOUA,Maïs / Rendement,2026-09-14
NE-6,MAIZE_YIELD_KG_HA,2023/2024,542.0,kg/ha,A,pdfplumber,bulletin_1T24.pdf,TILLABERY,Maïs / Rendement,2026-09-14
NE-7,MAIZE_YIELD_KG_HA,2023/2024,679.0,kg/ha,A,pdfplumber,bulletin_1T24.pdf,ZINDER,Maïs / Rendement,2026-09-14
NE-8,MAIZE_YIELD_KG_HA,2023/2024,646.0,kg/ha,A,pdfplumber,bulletin_1T24.pdf,NIAMEY.,Maïs / Rendement,2026-09-14
_T,MAIZE_YIELD_KG_HA,2023/2024,660.0,kg/ha,A,pdfplumber,bulletin_1T24.pdf,ENSEMBLE,Maïs / Rendement,2026-09-14
NE-1,MAIZE_PROD_T,2023/2024,537.0,t,A,pdfplumber,bulletin_1T24.pdf,AGADEZ,Maïs / Production,2026-09-14
NE-2,MAIZE_PROD_T,2023/2024,1695.0,t,A,pdfplumber,bulletin_1T24.pdf,DIFFA,Maïs / Production,2026-09-14
NE-3,MAIZE_PROD_T,2023/2024,1798.0,t,A,pdfplumber,bulletin_1T24.pdf,DOSSO,Maïs / Production,2026-09-14
NE-4,MAIZE_PROD_T,2023/2024,1758.0,t,A,pdfplumber,bulletin_1T24.pdf,MARADI,Maïs / Production,2026-09-14
NE-5,MAIZE_PROD_T,2023/2024,1342.0,t,A,pdfplumber,bulletin_1T24.pdf,TAHOUA,Maïs / Production,2026-09-14
NE-6,MAIZE_PROD_T,2023/2024,1219.0,t,A,pdfplumber,bulletin_1T24.pdf,TILLABERY,Maïs / Production,2026-09-14
NE-7,MAIZE_PROD_T,2023/2024,1026.0,t,A,pdfplumber,bulletin_1T24.pdf,ZINDER,Maïs / Production,2026-09-14
NE-8,MAIZE_PROD_T,2023/2024,35.0,t,A,pdfplumber,bulletin_1T24.pdf,NIAMEY.,Maïs / Production,2026-09-14
_T,MAIZE_PROD_T,2023/2024,9410.0,t,A,pdfplumber,bulletin_1T24.pdf,ENSEMBLE,Maïs / Production,2026-09-14
NE-1,FONIO_AREA_HA,2023/2024,0.0,ha,A,pdfplumber,bulletin_1T24.pdf,AGADEZ,Fonio / Superficie,2026-09-14
NE-2,FONIO_AREA_HA,2023/2024,15.0,ha,A,pdfplumber,bulletin_1T24.pdf,DIFFA,Fonio / Superficie,2026-09-14
NE-3,FONIO_AREA_HA,2023/2024,8173.0,ha,A,pdfplumber,bulletin_1T24.pdf,DOSSO,Fonio / Superficie,2026-09-14
NE-4,FONIO_AREA_HA,2023/2024,0.0,ha,A,pdfplumber,bulletin_1T24.pdf,MARADI,Fonio / Superficie,2026-09-14
NE-5,FONIO_AREA_HA,2023/2024,0.0,ha,A,pdfplumber,bulletin_1T24.pdf,TAHOUA,Fonio / Superficie,2026-09-14
NE-6,FONIO_AREA_HA,2023/2024,0.0,ha,A,pdfplumber,bulletin_1T24.pdf,TILLABERY,Fonio / Superficie,2026-09-14
NE-7,FONIO_AREA_HA,2023/2024,0.0,ha,A,pdfplumber,bulletin_1T24.pdf,ZINDER,Fonio / Superficie,2026-09-14
NE-8,FONIO_AREA_HA,2023/2024,0.0,ha,A,pdfplumber,bulletin_1T24.pdf,NIAMEY.,Fonio / Superficie,2026-09-14
_T,FONIO_AREA_HA,2023/2024,8188.0,ha,A,pdfplumber,bulletin_1T24.pdf,ENSEMBLE,Fonio / Superficie,2026-09-14
NE-1,FONIO_YIELD_KG_HA,2023/2024,0.0,kg/ha,A,pdfplumber,bulletin_1T24.pdf,AGADEZ,Fonio / Rendement,2026-09-14
NE-2,FONIO_YIELD_KG_HA,2023/2024,57.0,kg/ha,A,pdfplumber,bulletin_1T24.pdf,DIFFA,Fonio / Rendement,2026-09-14
NE-3,FONIO_YIELD_KG_HA,2023/2024,694.0,kg/ha,A,pdfplumber,bulletin_1T24.pdf,DOSSO,Fonio / Rendement,2026-09-14
NE-4,FONIO_YIELD_KG_HA,2023/2024,0.0,kg/ha,A,pdfplumber,bulletin_1T24.pdf,MARADI,Fonio / Rendement,2026-09-14
NE-5,FONIO_YIELD_KG_HA,2023/2024,0.0,kg/ha,A,pdfplumber,bulletin_1T24.pdf,TAHOUA,Fonio / Rendement,2026-09-14
NE-6,FONIO_YIELD_KG_HA,2023/2024,0.0,kg/ha,A,pdfplumber,bulletin_1T24.pdf,TILLABERY,Fonio / Rendement,2026-09-14
NE-7,FONIO_YIELD_KG_HA,2023/2024,0.0,kg/ha,A,pdfplumber,bulletin_1T24.pdf,ZINDER,Fonio / Rendement,2026-09-14
NE-8,FONIO_YIELD_KG_HA,2023/2024,0.0,kg/ha,A,pdfplumber,bulletin_1T24.pdf,NIAMEY.,Fonio / Rendement,2026-09-14
_T,FONIO_YIELD_KG_HA,2023/2024,693.0,kg/ha,A,pdfplumber,bulletin_1T24.pdf,ENSEMBLE,Fonio / Rendement,2026-09-14
NE-1,FONIO_PROD_T,2023/2024,0.0,t,A,pdfplumber,bulletin_1T24.pdf,AGADEZ,Fonio / Production,2026-09-14
NE-2,FONIO_PROD_T,2023/2024,1.0,t,A,pdfplumber,bulletin_1T24.pdf,DIFFA,Fonio / Production,2026-09-14
NE-3,FONIO_PROD_T,2023/2024,5676.0,t,A,pdfplumber,bulletin_1T24.pdf,DOSSO,Fonio / Production,2026-09-14
NE-4,FONIO_PROD_T,2023/2024,0.0,t,A,pdfplumber,bulletin_1T24.pdf,MARADI,Fonio / Production,2026-09-14
NE-5,FONIO_PROD_T,2023/2024,0.0,t,A,pdfplumber,bulletin_1T24.pdf,TAHOUA,Fonio / Production,2026-09-14
NE-6,FONIO_PROD_T,2023/2024,0.0,t,A,pdfplumber,bulletin_1T24.pdf,TILLABERY,Fonio / Production,2026-09-14
NE-7,FONIO_PROD_T,2023/2024,0.0,t,A,pdfplumber,bulletin_1T24.pdf,ZINDER,Fonio / Production,2026-09-14
NE-8,FONIO_PROD_T,2023/2024,0.0,t,A,pdfplumber,bulletin_1T24.pdf,NIAMEY.,Fonio / Production,2026-09-14
_T,FONIO_PROD_T,2023/2024,5677.0,t,A,pdfplumber,bulletin_1T24.pdf,ENSEMBLE,Fonio / Production,2026-09-14
NE-1,COWPEA_AREA_HA,2023/2024,152.0,ha,A,pdfplumber,bulletin_1T24.pdf,AGADEZ,Niébé / Superficie,2026-09-14
NE-2,COWPEA_AREA_HA,2023/2024,43019.0,ha,A,pdfplumber,bulletin_1T24.pdf,DIFFA,Niébé / Superficie,2026-09-14
NE-3,COWPEA_AREA_HA,2023/2024,1050978.0,ha,A,pdfplumber,bulletin_1T24.pdf,DOSSO,Niébé / Superficie,2026-09-14
NE-4,COWPEA_AREA_HA,2023/2024,1151090.0,ha,A,pdfplumber,bulletin_1T24.pdf,MARADI,Niébé / Superficie,2026-09-14
NE-5,COWPEA_AREA_HA,2023/2024,884653.0,ha,A,pdfplumber,bulletin_1T24.pdf,TAHOUA,Niébé / Superficie,2026-09-14
NE-6,COWPEA_AREA_HA,2023/2024,1041771.0,ha,A,pdfplumber,bulletin_1T24.pdf,TILLABERY,Niébé / Superficie,2026-09-14
NE-7,COWPEA_AREA_HA,2023/2024,1319479.0,ha,A,pdfplumber,bulletin_1T24.pdf,ZINDER,Niébé / Superficie,2026-09-14
NE-8,COWPEA_AREA_HA,2023/2024,1316237.0,ha,A,pdfplumber,bulletin_1T24.pdf,NIAMEY.,Niébé / Superficie,2026-09-14
_T,COWPEA_AREA_HA,2023/2024,6807378.0,ha,A,pdfplumber,bulletin_1T24.pdf,ENSEMBLE,Niébé / Superficie,2026-09-14
NE-1,COWPEA_YIELD_KG_HA,2023/2024,335.0,kg/ha,A,pdfplumber,bulletin_1T24.pdf,AGADEZ,Niébé / Rendement,2026-09-14
NE-2,COWPEA_YIELD_KG_HA,2023/2024,348.0,kg/ha,A,pdfplumber,bulletin_1T24.pdf,DIFFA,Niébé / Rendement,2026-09-14
NE-3,COWPEA_YIELD_KG_HA,2023/2024,427.0,kg/ha,A,pdfplumber,bulletin_1T24.pdf,DOSSO,Niébé / Rendement,2026-09-14
NE-4,COWPEA_YIELD_KG_HA,2023/2024,401.0,kg/ha,A,pdfplumber,bulletin_1T24.pdf,MARADI,Niébé / Rendement,2026-09-14
NE-5,COWPEA_YIELD_KG_HA,2023/2024,435.0,kg/ha,A,pdfplumber,bulletin_1T24.pdf,TAHOUA,Niébé / Rendement,2026-09-14
NE-6,COWPEA_YIELD_KG_HA,2023/2024,275.0,kg/ha,A,pdfplumber,bulletin_1T24.pdf,TILLABERY,Niébé / Rendement,2026-09-14
NE-7,COWPEA_YIELD_KG_HA,2023/2024,471.0,kg/ha,A,pdfplumber,bulletin_1T24.pdf,ZINDER,Niébé / Rendement,2026-09-14
NE-8,COWPEA_YIELD_KG_HA,2023/2024,416.0,kg/ha,A,pdfplumber,bulletin_1T24.pdf,NIAMEY.,Niébé / Rendement,2026-09-14
_T,COWPEA_YIELD_KG_HA,2023/2024,406.0,kg/ha,A,pdfplumber,bulletin_1T24.pdf,ENSEMBLE,Niébé / Rendement,2026-09-14
NE-1,COWPEA_PROD_T,2023/2024,51.0,t,A,pdfplumber,bulletin_1T24.pdf,AGADEZ,Niébé / Production,2026-09-14
NE-2,COWPEA_PROD_T,2023/2024,14960.0,t,A,pdfplumber,bulletin_1T24.pdf,DIFFA,Niébé / Production,2026-09-14
NE-3,COWPEA_PROD_T,2023/2024,448864.0,t,A,pdfplumber,bulletin_1T24.pdf,DOSSO,Niébé / Production,2026-09-14
NE-4,COWPEA_PROD_T,2023/2024,461374.0,t,A,pdfplumber,bulletin_1T24.pdf,MARADI,Niébé / Production,2026-09-14
NE-5,COWPEA_PROD_T,2023/2024,384911.0,t,A,pdfplumber,bulletin_1T24.pdf,TAHOUA,Niébé / Production,2026-09-14
NE-6,COWPEA_PROD_T,2023/2024,286434.0,t,A,pdfplumber,bulletin_1T24.pdf,TILLABERY,Niébé / Production,2026-09-14
NE-7,COWPEA_PROD_T,2023/2024,621088.0,t,A,pdfplumber,bulletin_1T24.pdf,ZINDER,Niébé / Production,2026-09-14
NE-8,COWPEA_PROD_T,2023/2024,547643.0,t,A,pdfplumber,bulletin_1T24.pdf,NIAMEY.,Niébé / Production,2026-09-14
_T,COWPEA_PROD_T,2023/2024,2765325.0,t,A,pdfplumber,bulletin_1T24.pdf,ENSEMBLE,Niébé / Production,2026-09-14
NE-1,GROUNDNUT_AREA_HA,2023/2024,816.0,ha,A,pdfplumber,bulletin_1T24.pdf,AGADEZ,Arachide / Superficie,2026-09-14
NE-2,GROUNDNUT_AREA_HA,2023/2024,5311.0,ha,A,pdfplumber,bulletin_1T24.pdf,DIFFA,Arachide / Superficie,2026-09-14
NE-3,GROUNDNUT_AREA_HA,2023/2024,89035.0,ha,A,pdfplumber,bulletin_1T24.pdf,DOSSO,Arachide / Superficie,2026-09-14
NE-4,GROUNDNUT_AREA_HA,2023/2024,348490.0,ha,A,pdfplumber,bulletin_1T24.pdf,MARADI,Arachide / Superficie,2026-09-14
NE-5,GROUNDNUT_AREA_HA,2023/2024,74986.0,ha,A,pdfplumber,bulletin_1T24.pdf,TAHOUA,Arachide / Superficie,2026-09-14
NE-6,GROUNDNUT_AREA_HA,2023/2024,27158.0,ha,A,pdfplumber,bulletin_1T24.pdf,TILLABERY,Arachide / Superficie,2026-09-14
NE-7,GROUNDNUT_AREA_HA,2023/2024,481762.0,ha,A,pdfplumber,bulletin_1T24.pdf,ZINDER,Arachide / Superficie,2026-09-14
NE-8,GROUNDNUT_AREA_HA,2023/2024,418388.0,ha,A,pdfplumber,bulletin_1T24.pdf,NIAMEY.,Arachide / Superficie,2026-09-14
_T,GROUNDNUT_AREA_HA,2023/2024,1445947.0,ha,A,pdfplumber,bulletin_1T24.pdf,ENSEMBLE,Arachide / Superficie,2026-09-14
NE-1,GROUNDNUT_YIELD_KG_HA,2023/2024,937.0,kg/ha,A,pdfplumber,bulletin_1T24.pdf,AGADEZ,Arachide / Rendement,2026-09-14
NE-2,GROUNDNUT_YIELD_KG_HA,2023/2024,502.0,kg/ha,A,pdfplumber,bulletin_1T24.pdf,DIFFA,Arachide / Rendement,2026-09-14
NE-3,GROUNDNUT_YIELD_KG_HA,2023/2024,589.0,kg/ha,A,pdfplumber,bulletin_1T24.pdf,DOSSO,Arachide / Rendement,2026-09-14
NE-4,GROUNDNUT_YIELD_KG_HA,2023/2024,598.0,kg/ha,A,pdfplumber,bulletin_1T24.pdf,MARADI,Arachide / Rendement,2026-09-14
NE-5,GROUNDNUT_YIELD_KG_HA,2023/2024,571.0,kg/ha,A,pdfplumber,bulletin_1T24.pdf,TAHOUA,Arachide / Rendement,2026-09-14
NE-6,GROUNDNUT_YIELD_KG_HA,2023/2024,462.0,kg/ha,A,pdfplumber,bulletin_1T24.pdf,TILLABERY,Arachide / Rendement,2026-09-14
NE-7,GROUNDNUT_YIELD_KG_HA,2023/2024,663.0,kg/ha,A,pdfplumber,bulletin_1T24.pdf,ZINDER,Arachide / Rendement,2026-09-14
NE-8,GROUNDNUT_YIELD_KG_HA,2023/2024,569.0,kg/ha,A,pdfplumber,bulletin_1T24.pdf,NIAMEY.,Arachide / Rendement,2026-09-14
_T,GROUNDNUT_YIELD_KG_HA,2023/2024,606.0,kg/ha,A,pdfplumber,bulletin_1T24.pdf,ENSEMBLE,Arachide / Rendement,2026-09-14
NE-1,GROUNDNUT_PROD_T,2023/2024,765.0,t,A,pdfplumber,bulletin_1T24.pdf,AGADEZ,Arachide / Production,2026-09-14
NE-2,GROUNDNUT_PROD_T,2023/2024,2665.0,t,A,pdfplumber,bulletin_1T24.pdf,DIFFA,Arachide / Production,2026-09-14
NE-3,GROUNDNUT_PROD_T,2023/2024,52401.0,t,A,pdfplumber,bulletin_1T24.pdf,DOSSO,Arachide / Production,2026-09-14
NE-4,GROUNDNUT_PROD_T,2023/2024,208359.0,t,A,pdfplumber,bulletin_1T24.pdf,MARADI,Arachide / Production,2026-09-14
NE-5,GROUNDNUT_PROD_T,2023/2024,42833.0,t,A,pdfplumber,bulletin_1T24.pdf,TAHOUA,Arachide / Production,2026-09-14
NE-6,GROUNDNUT_PROD_T,2023/2024,12551.0,t,A,pdfplumber,bulletin_1T24.pdf,TILLABERY,Arachide / Production,2026-09-14
NE-7,GROUNDNUT_PROD_T,2023/2024,319233.0,t,A,pdfplumber,bulletin_1T24.pdf,ZINDER,Arachide / Production,2026-09-14
NE-8,GROUNDNUT_PROD_T,2023/2024,238100.0,t,A,pdfplumber,bulletin_1T24.pdf,NIAMEY.,Arachide / Production,2026-09-14
_T,GROUNDNUT_PROD_T,2023/2024,876908.0,t,A,pdfplumber,bulletin_1T24.pdf,ENSEMBLE,Arachide / Production,2026-09-14
NE-1,SESAME_AREA_HA,2023/2024,0.0,ha,A,pdfplumber,bulletin_1T24.pdf,AGADEZ,Sésame / Superficie,2026-09-14
NE-2,SESAME_AREA_HA,2023/2024,33176.0,ha,A,pdfplumber,bulletin_1T24.pdf,DIFFA,Sésame / Superficie,2026-09-14
NE-3,SESAME_AREA_HA,2023/2024,5444.0,ha,A,pdfplumber,bulletin_1T24.pdf,DOSSO,Sésame / Superficie,2026-09-14
NE-4,SESAME_AREA_HA,2023/2024,48556.0,ha,A,pdfplumber,bulletin_1T24.pdf,MARADI,Sésame / Superficie,2026-09-14
NE-5,SESAME_AREA_HA,2023/2024,4127.0,ha,A,pdfplumber,bulletin_1T24.pdf,TAHOUA,Sésame / Superficie,2026-09-14
NE-6,SESAME_AREA_HA,2023/2024,8770.0,ha,A,pdfplumber,bulletin_1T24.pdf,TILLABERY,Sésame / Superficie,2026-09-14
NE-7,SESAME_AREA_HA,2023/2024,60406.0,ha,A,pdfplumber,bulletin_1T24.pdf,ZINDER,Sésame / Superficie,2026-09-14
NE-8,SESAME_AREA_HA,2023/2024,139616.0,ha,A,pdfplumber,bulletin_1T24.pdf,NIAMEY.,Sésame / Superficie,2026-09-14
_T,SESAME_AREA_HA,2023/2024,300095.0,ha,A,pdfplumber,bulletin_1T24.pdf,ENSEMBLE,Sésame / Superficie,2026-09-14
NE-1,SESAME_YIELD_KG_HA,2023/2024,0.0,kg/ha,A,pdfplumber,bulletin_1T24.pdf,AGADEZ,Sésame / Rendement,2026-09-14
NE-2,SESAME_YIELD_KG_HA,2023/2024,613.0,kg/ha,A,pdfplumber,bulletin_1T24.pdf,DIFFA,Sésame / Rendement,2026-09-14
NE-3,SESAME_YIELD_KG_HA,2023/2024,540.0,kg/ha,A,pdfplumber,bulletin_1T24.pdf,DOSSO,Sésame / Rendement,2026-09-14
NE-4,SESAME_YIELD_KG_HA,2023/2024,527.0,kg/ha,A,pdfplumber,bulletin_1T24.pdf,MARADI,Sésame / Rendement,2026-09-14
NE-5,SESAME_YIELD_KG_HA,2023/2024,521.0,kg/ha,A,pdfplumber,bulletin_1T24.pdf,TAHOUA,Sésame / Rendement,2026-09-14
NE-6,SESAME_YIELD_KG_HA,2023/2024,333.0,kg/ha,A,pdfplumber,bulletin_1T24.pdf,TILLABERY,Sésame / Rendement,2026-09-14
NE-7,SESAME_YIELD_KG_HA,2023/2024,447.0,kg/ha,A,pdfplumber,bulletin_1T24.pdf,ZINDER,Sésame / Rendement,2026-09-14
NE-8,SESAME_YIELD_KG_HA,2023/2024,511.0,kg/ha,A,pdfplumber,bulletin_1T24.pdf,NIAMEY.,Sésame / Rendement,2026-09-14
_T,SESAME_YIELD_KG_HA,2023/2024,508.0,kg/ha,A,pdfplumber,bulletin_1T24.pdf,ENSEMBLE,Sésame / Rendement,2026-09-14
NE-1,SESAME_PROD_T,2023/2024,0.0,t,A,pdfplumber,bulletin_1T24.pdf,AGADEZ,Sésame / Production,2026-09-14
NE-2,SESAME_PROD_T,2023/2024,20338.0,t,A,pdfplumber,bulletin_1T24.pdf,DIFFA,Sésame / Production,2026-09-14
NE-3,SESAME_PROD_T,2023/2024,2939.0,t,A,pdfplumber,bulletin_1T24.pdf,DOSSO,Sésame / Production,2026-09-14
NE-4,SESAME_PROD_T,2023/2024,25608.0,t,A,pdfplumber,bulletin_1T24.pdf,MARADI,Sésame / Production,2026-09-14
NE-5,SESAME_PROD_T,2023/2024,2152.0,t,A,pdfplumber,bulletin_1T24.pdf,TAHOUA,Sésame / Production,2026-09-14
NE-6,SESAME_PROD_T,2023/2024,2919.0,t,A,pdfplumber,bulletin_1T24.pdf,TILLABERY,Sésame / Production,2026-09-14
NE-7,SESAME_PROD_T,2023/2024,26987.0,t,A,pdfplumber,bulletin_1T24.pdf,ZINDER,Sésame / Production,2026-09-14
NE-8,SESAME_PROD_T,2023/2024,71408.0,t,A,pdfplumber,bulletin_1T24.pdf,NIAMEY.,Sésame / Production,2026-09-14
_T,SESAME_PROD_T,2023/2024,152351.0,t,A,pdfplumber,bulletin_1T24.pdf,ENSEMBLE,Sésame / Production,2026-09-14
NE-1,TIGER_NUT_AREA_HA,2023/2024,0.0,ha,A,pdfplumber,bulletin_1T24.pdf,AGADEZ,Souchet / Superficie,2026-09-14
NE-2,TIGER_NUT_AREA_HA,2023/2024,0.0,ha,A,pdfplumber,bulletin_1T24.pdf,DIFFA,Souchet / Superficie,2026-09-14
NE-3,TIGER_NUT_AREA_HA,2023/2024,26.0,ha,A,pdfplumber,bulletin_1T24.pdf,DOSSO,Souchet / Superficie,2026-09-14
NE-4,TIGER_NUT_AREA_HA,2023/2024,32399.0,ha,A,pdfplumber,bulletin_1T24.pdf,MARADI,Souchet / Superficie,2026-09-14
NE-5,TIGER_NUT_AREA_HA,2023/2024,134.0,ha,A,pdfplumber,bulletin_1T24.pdf,TAHOUA,Souchet / Superficie,2026-09-14
NE-6,TIGER_NUT_AREA_HA,2023/2024,0.0,ha,A,pdfplumber,bulletin_1T24.pdf,TILLABERY,Souchet / Superficie,2026-09-14
NE-7,TIGER_NUT_AREA_HA,2023/2024,0.0,ha,A,pdfplumber,bulletin_1T24.pdf,ZINDER,Souchet / Superficie,2026-09-14
NE-8,TIGER_NUT_AREA_HA,2023/2024,0.0,ha,A,pdfplumber,bulletin_1T24.pdf,NIAMEY.,Souchet / Superficie,2026-09-14
_T,TIGER_NUT_AREA_HA,2023/2024,32559.0,ha,A,pdfplumber,bulletin_1T24.pdf,ENSEMBLE,Souchet / Superficie,2026-09-14
NE-1,TIGER_NUT_YIELD_KG_HA,2023/2024,0.0,kg/ha,A,pdfplumber,bulletin_1T24.pdf,AGADEZ,Souchet / Rendement,2026-09-14
NE-2,TIGER_NUT_YIELD_KG_HA,2023/2024,0.0,kg/ha,A,pdfplumber,bulletin_1T24.pdf,DIFFA,Souchet / Rendement,2026-09-14
NE-3,TIGER_NUT_YIELD_KG_HA,2023/2024,690.0,kg/ha,A,pdfplumber,bulletin_1T24.pdf,DOSSO,Souchet / Rendement,2026-09-14
NE-4,TIGER_NUT_YIELD_KG_HA,2023/2024,2820.0,kg/ha,A,pdfplumber,bulletin_1T24.pdf,MARADI,Souchet / Rendement,2026-09-14
NE-5,TIGER_NUT_YIELD_KG_HA,2023/2024,1982.0,kg/ha,A,pdfplumber,bulletin_1T24.pdf,TAHOUA,Souchet / Rendement,2026-09-14
NE-6,TIGER_NUT_YIELD_KG_HA,2023/2024,0.0,kg/ha,A,pdfplumber,bulletin_1T24.pdf,TILLABERY,Souchet / Rendement,2026-09-14
NE-7,TIGER_NUT_YIELD_KG_HA,2023/2024,0.0,kg/ha,A,pdfplumber,bulletin_1T24.pdf,ZINDER,Souchet / Rendement,2026-09-14
NE-8,TIGER_NUT_YIELD_KG_HA,2023/2024,0.0,kg/ha,A,pdfplumber,bulletin_1T24.pdf,NIAMEY.,Souchet / Rendement,2026-09-14
_T,TIGER_NUT_YIELD_KG_HA,2023/2024,2815.0,kg/ha,A,pdfplumber,bulletin_1T24.pdf,ENSEMBLE,Souchet / Rendement,2026-09-14
NE-1,TIGER_NUT_PROD_T,2023/2024,0.0,t,A,pdfplumber,bulletin_1T24.pdf,AGADEZ,Souchet / Production,2026-09-14
NE-2,TIGER_NUT_PROD_T,2023/2024,0.0,t,A,pdfplumber,bulletin_1T24.pdf,DIFFA,Souchet / Production,2026-09-14
NE-3,TIGER_NUT_PROD_T,2023/2024,18.0,t,A,pdfplumber,bulletin_1T24.pdf,DOSSO,Souchet / Production,2026-09-14
NE-4,TIGER_NUT_PROD_T,2023/2024,91376.0,t,A,pdfplumber,bulletin_1T24.pdf,MARADI,Souchet / Production,2026-09-14
NE-5,TIGER_NUT_PROD_T,2023/2024,266.0,t,A,pdfplumber,bulletin_1T24.pdf,TAHOUA,Souchet / Production,2026-09-14
NE-6,TIGER_NUT_PROD_T,2023/2024,0.0,t,A,pdfplumber,bulletin_1T24.pdf,TILLABERY,Souchet / Production,2026-09-14
NE-7,TIGER_NUT_PROD_T,2023/2024,0.0,t,A,pdfplumber,bulletin_1T24.pdf,ZINDER,Souchet / Production,2026-09-14
NE-8,TIGER_NUT_PROD_T,2023/2024,0.0,t,A,pdfplumber,bulletin_1T24.pdf,NIAMEY.,Souchet / Production,2026-09-14
_T,TIGER_NUT_PROD_T,2023/2024,91660.0,t,A,pdfplumber,bulletin_1T24.pdf,ENSEMBLE,Souchet / Production,2026-09-14
NE-1,BAMBARA_NUT_AREA_HA,2023/2024,0.0,ha,A,pdfplumber,bulletin_1T24.pdf,AGADEZ,Voandzou / Superficie,2026-09-14
NE-2,BAMBARA_NUT_AREA_HA,2023/2024,850.0,ha,A,pdfplumber,bulletin_1T24.pdf,DIFFA,Voandzou / Superficie,2026-09-14
NE-3,BAMBARA_NUT_AREA_HA,2023/2024,50698.0,ha,A,pdfplumber,bulletin_1T24.pdf,DOSSO,Voandzou / Superficie,2026-09-14
NE-4,BAMBARA_NUT_AREA_HA,2023/2024,11042.0,ha,A,pdfplumber,bulletin_1T24.pdf,MARADI,Voandzou / Superficie,2026-09-14
NE-5,BAMBARA_NUT_AREA_HA,2023/2024,6129.0,ha,A,pdfplumber,bulletin_1T24.pdf,TAHOUA,Voandzou / Superficie,2026-09-14
NE-6,BAMBARA_NUT_AREA_HA,2023/2024,3909.0,ha,A,pdfplumber,bulletin_1T24.pdf,TILLABERY,Voandzou / Superficie,2026-09-14
NE-7,BAMBARA_NUT_AREA_HA,2023/2024,1536.0,ha,A,pdfplumber,bulletin_1T24.pdf,ZINDER,Voandzou / Superficie,2026-09-14
NE-8,BAMBARA_NUT_AREA_HA,2023/2024,16.0,ha,A,pdfplumber,bulletin_1T24.pdf,NIAMEY.,Voandzou / Superficie,2026-09-14
_T,BAMBARA_NUT_AREA_HA,2023/2024,74179.0,ha,A,pdfplumber,bulletin_1T24.pdf,ENSEMBLE,Voandzou / Superficie,2026-09-14
NE-1,BAMBARA_NUT_YIELD_KG_HA,2023/2024,0.0,kg/ha,A,pdfplumber,bulletin_1T24.pdf,AGADEZ,Voandzou / Rendement,2026-09-14
NE-2,BAMBARA_NUT_YIELD_KG_HA,2023/2024,266.0,kg/ha,A,pdfplumber,bulletin_1T24.pdf,DIFFA,Voandzou / Rendement,2026-09-14
NE-3,BAMBARA_NUT_YIELD_KG_HA,2023/2024,635.0,kg/ha,A,pdfplumber,bulletin_1T24.pdf,DOSSO,Voandzou / Rendement,2026-09-14
NE-4,BAMBARA_NUT_YIELD_KG_HA,2023/2024,644.0,kg/ha,A,pdfplumber,bulletin_1T24.pdf,MARADI,Voandzou / Rendement,2026-09-14
NE-5,BAMBARA_NUT_YIELD_KG_HA,2023/2024,562.0,kg/ha,A,pdfplumber,bulletin_1T24.pdf,TAHOUA,Voandzou / Rendement,2026-09-14
NE-6,BAMBARA_NUT_YIELD_KG_HA,2023/2024,537.0,kg/ha,A,pdfplumber,bulletin_1T24.pdf,TILLABERY,Voandzou / Rendement,2026-09-14
NE-7,BAMBARA_NUT_YIELD_KG_HA,2023/2024,633.0,kg/ha,A,pdfplumber,bulletin_1T24.pdf,ZINDER,Voandzou / Rendement,2026-09-14
NE-8,BAMBARA_NUT_YIELD_KG_HA,2023/2024,617.0,kg/ha,A,pdfplumber,bulletin_1T24.pdf,NIAMEY.,Voandzou / Rendement,2026-09-14
_T,BAMBARA_NUT_YIELD_KG_HA,2023/2024,621.0,kg/ha,A,pdfplumber,bulletin_1T24.pdf,ENSEMBLE,Voandzou / Rendement,2026-09-14
NE-1,BAMBARA_NUT_PROD_T,2023/2024,0.0,t,A,pdfplumber,bulletin_1T24.pdf,AGADEZ,Voandzou / Production,2026-09-14
NE-2,BAMBARA_NUT_PROD_T,2023/2024,226.0,t,A,pdfplumber,bulletin_1T24.pdf,DIFFA,Voandzou / Production,2026-09-14
NE-3,BAMBARA_NUT_PROD_T,2023/2024,32183.0,t,A,pdfplumber,bulletin_1T24.pdf,DOSSO,Voandzou / Production,2026-09-14
NE-4,BAMBARA_NUT_PROD_T,2023/2024,7108.0,t,A,pdfplumber,bulletin_1T24.pdf,MARADI,Voandzou / Production,2026-09-14
NE-5,BAMBARA_NUT_PROD_T,2023/2024,3441.0,t,A,pdfplumber,bulletin_1T24.pdf,TAHOUA,Voandzou / Production,2026-09-14
NE-6,BAMBARA_NUT_PROD_T,2023/2024,2101.0,t,A,pdfplumber,bulletin_1T24.pdf,TILLABERY,Voandzou / Production,2026-09-14
NE-7,BAMBARA_NUT_PROD_T,2023/2024,972.0,t,A,pdfplumber,bulletin_1T24.pdf,ZINDER,Voandzou / Production,2026-09-14
NE-8,BAMBARA_NUT_PROD_T,2023/2024,10.0,t,A,pdfplumber,bulletin_1T24.pdf,NIAMEY.,Voandzou / Production,2026-09-14
_T,BAMBARA_NUT_PROD_T,2023/2024,46042.0,t,A,pdfplumber,bulletin_1T24.pdf,ENSEMBLE,Voandzou / Production,2026-09-14
NE-1,SORREL_AREA_HA,2023/2024,71.0,ha,A,pdfplumber,bulletin_1T24.pdf,AGADEZ,Oseille / Superficie,2026-09-14
NE-2,SORREL_AREA_HA,2023/2024,991.0,ha,A,pdfplumber,bulletin_1T24.pdf,DIFFA,Oseille / Superficie,2026-09-14
NE-3,SORREL_AREA_HA,2023/2024,30178.0,ha,A,pdfplumber,bulletin_1T24.pdf,DOSSO,Oseille / Superficie,2026-09-14
NE-4,SORREL_AREA_HA,2023/2024,61598.0,ha,A,pdfplumber,bulletin_1T24.pdf,MARADI,Oseille / Superficie,2026-09-14
NE-5,SORREL_AREA_HA,2023/2024,1096.0,ha,A,pdfplumber,bulletin_1T24.pdf,TAHOUA,Oseille / Superficie,2026-09-14
NE-6,SORREL_AREA_HA,2023/2024,22563.0,ha,A,pdfplumber,bulletin_1T24.pdf,TILLABERY,Oseille / Superficie,2026-09-14
NE-7,SORREL_AREA_HA,2023/2024,15814.0,ha,A,pdfplumber,bulletin_1T24.pdf,ZINDER,Oseille / Superficie,2026-09-14
NE-8,SORREL_AREA_HA,2023/2024,143.0,ha,A,pdfplumber,bulletin_1T24.pdf,NIAMEY.,Oseille / Superficie,2026-09-14
_T,SORREL_AREA_HA,2023/2024,132454.0,ha,A,pdfplumber,bulletin_1T24.pdf,ENSEMBLE,Oseille / Superficie,2026-09-14
NE-1,SORREL_YIELD_KG_HA,2023/2024,516.0,kg/ha,A,pdfplumber,bulletin_1T24.pdf,AGADEZ,Oseille / Rendement,2026-09-14
NE-2,SORREL_YIELD_KG_HA,2023/2024,322.0,kg/ha,A,pdfplumber,bulletin_1T24.pdf,DIFFA,Oseille / Rendement,2026-09-14
NE-3,SORREL_YIELD_KG_HA,2023/2024,603.0,kg/ha,A,pdfplumber,bulletin_1T24.pdf,DOSSO,Oseille / Rendement,2026-09-14
NE-4,SORREL_YIELD_KG_HA,2023/2024,509.0,kg/ha,A,pdfplumber,bulletin_1T24.pdf,MARADI,Oseille / Rendement,2026-09-14
NE-5,SORREL_YIELD_KG_HA,2023/2024,498.0,kg/ha,A,pdfplumber,bulletin_1T24.pdf,TAHOUA,Oseille / Rendement,2026-09-14
NE-6,SORREL_YIELD_KG_HA,2023/2024,550.0,kg/ha,A,pdfplumber,bulletin_1T24.pdf,TILLABERY,Oseille / Rendement,2026-09-14
NE-7,SORREL_YIELD_KG_HA,2023/2024,446.0,kg/ha,A,pdfplumber,bulletin_1T24.pdf,ZINDER,Oseille / Rendement,2026-09-14
NE-8,SORREL_YIELD_KG_HA,2023/2024,471.0,kg/ha,A,pdfplumber,bulletin_1T24.pdf,NIAMEY.,Oseille / Rendement,2026-09-14
_T,SORREL_YIELD_KG_HA,2023/2024,529.0,kg/ha,A,pdfplumber,bulletin_1T24.pdf,ENSEMBLE,Oseille / Rendement,2026-09-14
NE-1,SORREL_PROD_T,2023/2024,37.0,t,A,pdfplumber,bulletin_1T24.pdf,AGADEZ,Oseille / Production,2026-09-14
NE-2,SORREL_PROD_T,2023/2024,319.0,t,A,pdfplumber,bulletin_1T24.pdf,DIFFA,Oseille / Production,2026-09-14
NE-3,SORREL_PROD_T,2023/2024,18200.0,t,A,pdfplumber,bulletin_1T24.pdf,DOSSO,Oseille / Production,2026-09-14
NE-4,SORREL_PROD_T,2023/2024,31381.0,t,A,pdfplumber,bulletin_1T24.pdf,MARADI,Oseille / Production,2026-09-14
NE-5,SORREL_PROD_T,2023/2024,546.0,t,A,pdfplumber,bulletin_1T24.pdf,TAHOUA,Oseille / Production,2026-09-14
NE-6,SORREL_PROD_T,2023/2024,12415.0,t,A,pdfplumber,bulletin_1T24.pdf,TILLABERY,Oseille / Production,2026-09-14
NE-7,SORREL_PROD_T,2023/2024,7058.0,t,A,pdfplumber,bulletin_1T24.pdf,ZINDER,Oseille / Production,2026-09-14
NE-8,SORREL_PROD_T,2023/2024,67.0,t,A,pdfplumber,bulletin_1T24.pdf,NIAMEY.,Oseille / Production,2026-09-14
_T,SORREL_PROD_T,2023/2024,70023.0,t,A,pdfplumber,bulletin_1T24.pdf,ENSEMBLE,Oseille / Production,2026-09-14
NE-1,OKRA_AREA_HA,2023/2024,85.0,ha,A,pdfplumber,bulletin_1T24.pdf,AGADEZ,Gombo / Superficie,2026-09-14
NE-2,OKRA_AREA_HA,2023/2024,241.0,ha,A,pdfplumber,bulletin_1T24.pdf,DIFFA,Gombo / Superficie,2026-09-14
NE-3,OKRA_AREA_HA,2023/2024,1079.0,ha,A,pdfplumber,bulletin_1T24.pdf,DOSSO,Gombo / Superficie,2026-09-14
NE-4,OKRA_AREA_HA,2023/2024,2057.0,ha,A,pdfplumber,bulletin_1T24.pdf,MARADI,Gombo / Superficie,2026-09-14
NE-5,OKRA_AREA_HA,2023/2024,4587.0,ha,A,pdfplumber,bulletin_1T24.pdf,TAHOUA,Gombo / Superficie,2026-09-14
NE-6,OKRA_AREA_HA,2023/2024,11154.0,ha,A,pdfplumber,bulletin_1T24.pdf,TILLABERY,Gombo / Superficie,2026-09-14
NE-7,OKRA_AREA_HA,2023/2024,66131.0,ha,A,pdfplumber,bulletin_1T24.pdf,ZINDER,Gombo / Superficie,2026-09-14
NE-8,OKRA_AREA_HA,2023/2024,16.0,ha,A,pdfplumber,bulletin_1T24.pdf,NIAMEY.,Gombo / Superficie,2026-09-14
_T,OKRA_AREA_HA,2023/2024,85349.0,ha,A,pdfplumber,bulletin_1T24.pdf,ENSEMBLE,Gombo / Superficie,2026-09-14
NE-1,OKRA_YIELD_KG_HA,2023/2024,4586.0,kg/ha,A,pdfplumber,bulletin_1T24.pdf,AGADEZ,Gombo / Rendement,2026-09-14
NE-2,OKRA_YIELD_KG_HA,2023/2024,814.0,kg/ha,A,pdfplumber,bulletin_1T24.pdf,DIFFA,Gombo / Rendement,2026-09-14
NE-3,OKRA_YIELD_KG_HA,2023/2024,548.0,kg/ha,A,pdfplumber,bulletin_1T24.pdf,DOSSO,Gombo / Rendement,2026-09-14
NE-4,OKRA_YIELD_KG_HA,2023/2024,743.0,kg/ha,A,pdfplumber,bulletin_1T24.pdf,MARADI,Gombo / Rendement,2026-09-14
NE-5,OKRA_YIELD_KG_HA,2023/2024,633.0,kg/ha,A,pdfplumber,bulletin_1T24.pdf,TAHOUA,Gombo / Rendement,2026-09-14
NE-6,OKRA_YIELD_KG_HA,2023/2024,362.0,kg/ha,A,pdfplumber,bulletin_1T24.pdf,TILLABERY,Gombo / Rendement,2026-09-14
NE-7,OKRA_YIELD_KG_HA,2023/2024,1778.0,kg/ha,A,pdfplumber,bulletin_1T24.pdf,ZINDER,Gombo / Rendement,2026-09-14
NE-8,OKRA_YIELD_KG_HA,2023/2024,701.0,kg/ha,A,pdfplumber,bulletin_1T24.pdf,NIAMEY.,Gombo / Rendement,2026-09-14
_T,OKRA_YIELD_KG_HA,2023/2024,1491.0,kg/ha,A,pdfplumber,bulletin_1T24.pdf,ENSEMBLE,Gombo / Rendement,2026-09-14
NE-1,OKRA_PROD_T,2023/2024,390.0,t,A,pdfplumber,bulletin_1T24.pdf,AGADEZ,Gombo / Production,2026-09-14
NE-2,OKRA_PROD_T,2023/2024,196.0,t,A,pdfplumber,bulletin_1T24.pdf,DIFFA,Gombo / Production,2026-09-14
NE-3,OKRA_PROD_T,2023/2024,592.0,t,A,pdfplumber,bulletin_1T24.pdf,DOSSO,Gombo / Production,2026-09-14
NE-4,OKRA_PROD_T,2023/2024,1527.0,t,A,pdfplumber,bulletin_1T24.pdf,MARADI,Gombo / Production,2026-09-14
NE-5,OKRA_PROD_T,2023/2024,2905.0,t,A,pdfplumber,bulletin_1T24.pdf,TAHOUA,Gombo / Production,2026-09-14
NE-6,OKRA_PROD_T,2023/2024,4035.0,t,A,pdfplumber,bulletin_1T24.pdf,TILLABERY,Gombo / Production,2026-09-14
NE-7,OKRA_PROD_T,2023/2024,117599.0,t,A,pdfplumber,bulletin_1T24.pdf,ZINDER,Gombo / Production,2026-09-14
NE-8,OKRA_PROD_T,2023/2024,11.0,t,A,pdfplumber,bulletin_1T24.pdf,NIAMEY.,Gombo / Production,2026-09-14
_T,OKRA_PROD_T,2023/2024,127255.0,t,A,pdfplumber,bulletin_1T24.pdf,ENSEMBLE,Gombo / Production,2026-09-14
NE-1,ONION_AREA_HA,2023/2024,3251.0,ha,A,pdfplumber,bulletin_1T24.pdf,AGADEZ,Oignon / Superficie,2026-09-14
NE-2,ONION_AREA_HA,2023/2024,0.0,ha,A,pdfplumber,bulletin_1T24.pdf,DIFFA,Oignon / Superficie,2026-09-14
NE-3,ONION_AREA_HA,2023/2024,414.0,ha,A,pdfplumber,bulletin_1T24.pdf,DOSSO,Oignon / Superficie,2026-09-14
NE-4,ONION_AREA_HA,2023/2024,0.0,ha,A,pdfplumber,bulletin_1T24.pdf,MARADI,Oignon / Superficie,2026-09-14
NE-5,ONION_AREA_HA,2023/2024,774.0,ha,A,pdfplumber,bulletin_1T24.pdf,TAHOUA,Oignon / Superficie,2026-09-14
NE-6,ONION_AREA_HA,2023/2024,0.0,ha,A,pdfplumber,bulletin_1T24.pdf,TILLABERY,Oignon / Superficie,2026-09-14
NE-7,ONION_AREA_HA,2023/2024,245.0,ha,A,pdfplumber,bulletin_1T24.pdf,ZINDER,Oignon / Superficie,2026-09-14
NE-8,ONION_AREA_HA,2023/2024,0.0,ha,A,pdfplumber,bulletin_1T24.pdf,NIAMEY.,Oignon / Superficie,2026-09-14
_T,ONION_AREA_HA,2023/2024,4684.0,ha,A,pdfplumber,bulletin_1T24.pdf,ENSEMBLE,Oignon / Superficie,2026-09-14
NE-1,ONION_YIELD_KG_HA,2023/2024,26997.0,kg/ha,A,pdfplumber,bulletin_1T24.pdf,AGADEZ,Oignon / Rendement,2026-09-14
NE-2,ONION_YIELD_KG_HA,2023/2024,0.0,kg/ha,A,pdfplumber,bulletin_1T24.pdf,DIFFA,Oignon / Rendement,2026-09-14
NE-3,ONION_YIELD_KG_HA,2023/2024,27420.0,kg/ha,A,pdfplumber,bulletin_1T24.pdf,DOSSO,Oignon / Rendement,2026-09-14
NE-4,ONION_YIELD_KG_HA,2023/2024,0.0,kg/ha,A,pdfplumber,bulletin_1T24.pdf,MARADI,Oignon / Rendement,2026-09-14
NE-5,ONION_YIELD_KG_HA,2023/2024,13242.0,kg/ha,A,pdfplumber,bulletin_1T24.pdf,TAHOUA,Oignon / Rendement,2026-09-14
NE-6,ONION_YIELD_KG_HA,2023/2024,0.0,kg/ha,A,pdfplumber,bulletin_1T24.pdf,TILLABERY,Oignon / Rendement,2026-09-14
NE-7,ONION_YIELD_KG_HA,2023/2024,24430.0,kg/ha,A,pdfplumber,bulletin_1T24.pdf,ZINDER,Oignon / Rendement,2026-09-14
NE-8,ONION_YIELD_KG_HA,2023/2024,0.0,kg/ha,A,pdfplumber,bulletin_1T24.pdf,NIAMEY.,Oignon / Rendement,2026-09-14
_T,ONION_YIELD_KG_HA,2023/2024,24627.0,kg/ha,A,pdfplumber,bulletin_1T24.pdf,ENSEMBLE,Oignon / Rendement,2026-09-14
NE-1,ONION_PROD_T,2023/2024,87777.0,t,A,pdfplumber,bulletin_1T24.pdf,AGADEZ,Oignon / Production,2026-09-14
NE-2,ONION_PROD_T,2023/2024,0.0,t,A,pdfplumber,bulletin_1T24.pdf,DIFFA,Oignon / Production,2026-09-14
NE-3,ONION_PROD_T,2023/2024,11347.0,t,A,pdfplumber,bulletin_1T24.pdf,DOSSO,Oignon / Production,2026-09-14
NE-4,ONION_PROD_T,2023/2024,0.0,t,A,pdfplumber,bulletin_1T24.pdf,MARADI,Oignon / Production,2026-09-14
NE-5,ONION_PROD_T,2023/2024,10249.0,t,A,pdfplumber,bulletin_1T24.pdf,TAHOUA,Oignon / Production,2026-09-14
NE-6,ONION_PROD_T,2023/2024,0.0,t,A,pdfplumber,bulletin_1T24.pdf,TILLABERY,Oignon / Production,2026-09-14
NE-7,ONION_PROD_T,2023/2024,5980.0,t,A,pdfplumber,bulletin_1T24.pdf,ZINDER,Oignon / Production,2026-09-14
NE-8,ONION_PROD_T,2023/2024,0.0,t,A,pdfplumber,bulletin_1T24.pdf,NIAMEY.,Oignon / Production,2026-09-14
_T,ONION_PROD_T,2023/2024,115353.0,t,A,pdfplumber,bulletin_1T24.pdf,ENSEMBLE,Oignon / Production,2026-09-14
NE-1,MORINGA_AREA_HA,2023/2024,111.0,ha,A,pdfplumber,bulletin_1T24.pdf,AGADEZ,Moringa / Superficie,2026-09-14
NE-2,MORINGA_AREA_HA,2023/2024,0.0,ha,A,pdfplumber,bulletin_1T24.pdf,DIFFA,Moringa / Superficie,2026-09-14
NE-3,MORINGA_AREA_HA,2023/2024,40.0,ha,A,pdfplumber,bulletin_1T24.pdf,DOSSO,Moringa / Superficie,2026-09-14
NE-4,MORINGA_AREA_HA,2023/2024,0.0,ha,A,pdfplumber,bulletin_1T24.pdf,MARADI,Moringa / Superficie,2026-09-14
NE-5,MORINGA_AREA_HA,2023/2024,351.0,ha,A,pdfplumber,bulletin_1T24.pdf,TAHOUA,Moringa / Superficie,2026-09-14
NE-6,MORINGA_AREA_HA,2023/2024,1342.0,ha,A,pdfplumber,bulletin_1T24.pdf,TILLABERY,Moringa / Superficie,2026-09-14
NE-7,MORINGA_AREA_HA,2023/2024,0.0,ha,A,pdfplumber,bulletin_1T24.pdf,ZINDER,Moringa / Superficie,2026-09-14
NE-8,MORINGA_AREA_HA,2023/2024,56.0,ha,A,pdfplumber,bulletin_1T24.pdf,NIAMEY.,Moringa / Superficie,2026-09-14
_T,MORINGA_AREA_HA,2023/2024,1900.0,ha,A,pdfplumber,bulletin_1T24.pdf,ENSEMBLE,Moringa / Superficie,2026-09-14
NE-1,MORINGA_YIELD_KG_HA,2023/2024,18793.0,kg/ha,A,pdfplumber,bulletin_1T24.pdf,AGADEZ,Moringa / Rendement,2026-09-14
NE-2,MORINGA_YIELD_KG_HA,2023/2024,0.0,kg/ha,A,pdfplumber,bulletin_1T24.pdf,DIFFA,Moringa / Rendement,2026-09-14
NE-3,MORINGA_YIELD_KG_HA,2023/2024,9800.0,kg/ha,A,pdfplumber,bulletin_1T24.pdf,DOSSO,Moringa / Rendement,2026-09-14
NE-4,MORINGA_YIELD_KG_HA,2023/2024,0.0,kg/ha,A,pdfplumber,bulletin_1T24.pdf,MARADI,Moringa / Rendement,2026-09-14
NE-5,MORINGA_YIELD_KG_HA,2023/2024,18613.0,kg/ha,A,pdfplumber,bulletin_1T24.pdf,TAHOUA,Moringa / Rendement,2026-09-14
NE-6,MORINGA_YIELD_KG_HA,2023/2024,13517.0,kg/ha,A,pdfplumber,bulletin_1T24.pdf,TILLABERY,Moringa / Rendement,2026-09-14
NE-7,MORINGA_YIELD_KG_HA,2023/2024,0.0,kg/ha,A,pdfplumber,bulletin_1T24.pdf,ZINDER,Moringa / Rendement,2026-09-14
NE-8,MORINGA_YIELD_KG_HA,2023/2024,8655.0,kg/ha,A,pdfplumber,bulletin_1T24.pdf,NIAMEY.,Moringa / Rendement,2026-09-14
_T,MORINGA_YIELD_KG_HA,2023/2024,14545.0,kg/ha,A,pdfplumber,bulletin_1T24.pdf,ENSEMBLE,Moringa / Rendement,2026-09-14
NE-1,MORINGA_PROD_T,2023/2024,2083.0,t,A,pdfplumber,bulletin_1T24.pdf,AGADEZ,Moringa / Production,2026-09-14
NE-2,MORINGA_PROD_T,2023/2024,0.0,t,A,pdfplumber,bulletin_1T24.pdf,DIFFA,Moringa / Production,2026-09-14
NE-3,MORINGA_PROD_T,2023/2024,392.0,t,A,pdfplumber,bulletin_1T24.pdf,DOSSO,Moringa / Production,2026-09-14
NE-4,MORINGA_PROD_T,2023/2024,0.0,t,A,pdfplumber,bulletin_1T24.pdf,MARADI,Moringa / Production,2026-09-14
NE-5,MORINGA_PROD_T,2023/2024,6538.0,t,A,pdfplumber,bulletin_1T24.pdf,TAHOUA,Moringa / Production,2026-09-14
NE-6,MORINGA_PROD_T,2023/2024,18144.0,t,A,pdfplumber,bulletin_1T24.pdf,TILLABERY,Moringa / Production,2026-09-14
NE-7,MORINGA_PROD_T,2023/2024,0.0,t,A,pdfplumber,bulletin_1T24.pdf,ZINDER,Moringa / Production,2026-09-14
NE-8,MORINGA_PROD_T,2023/2024,485.0,t,A,pdfplumber,bulletin_1T24.pdf,NIAMEY.,Moringa / Production,2026-09-14
_T,MORINGA_PROD_T,2023/2024,27641.0,t,A,pdfplumber,bulletin_1T24.pdf,ENSEMBLE,Moringa / Production,2026-09-14
NE-1,CASSAVA_AREA_HA,2023/2024,390.0,ha,A,pdfplumber,bulletin_1T24.pdf,AGADEZ,Manioc / Superficie,2026-09-14
NE-2,CASSAVA_AREA_HA,2023/2024,0.0,ha,A,pdfplumber,bulletin_1T24.pdf,DIFFA,Manioc / Superficie,2026-09-14
NE-3,CASSAVA_AREA_HA,2023/2024,456.0,ha,A,pdfplumber,bulletin_1T24.pdf,DOSSO,Manioc / Superficie,2026-09-14
NE-4,CASSAVA_AREA_HA,2023/2024,4378.0,ha,A,pdfplumber,bulletin_1T24.pdf,MARADI,Manioc / Superficie,2026-09-14
NE-5,CASSAVA_AREA_HA,2023/2024,151.0,ha,A,pdfplumber,bulletin_1T24.pdf,TAHOUA,Manioc / Superficie,2026-09-14
NE-6,CASSAVA_AREA_HA,2023/2024,372.0,ha,A,pdfplumber,bulletin_1T24.pdf,TILLABERY,Manioc / Superficie,2026-09-14
NE-7,CASSAVA_AREA_HA,2023/2024,814.0,ha,A,pdfplumber,bulletin_1T24.pdf,ZINDER,Manioc / Superficie,2026-09-14
NE-8,CASSAVA_AREA_HA,2023/2024,333.0,ha,A,pdfplumber,bulletin_1T24.pdf,NIAMEY.,Manioc / Superficie,2026-09-14
_T,CASSAVA_AREA_HA,2023/2024,6893.0,ha,A,pdfplumber,bulletin_1T24.pdf,ENSEMBLE,Manioc / Superficie,2026-09-14
NE-1,CASSAVA_YIELD_KG_HA,2023/2024,27988.0,kg/ha,A,pdfplumber,bulletin_1T24.pdf,AGADEZ,Manioc / Rendement,2026-09-14
NE-2,CASSAVA_YIELD_KG_HA,2023/2024,0.0,kg/ha,A,pdfplumber,bulletin_1T24.pdf,DIFFA,Manioc / Rendement,2026-09-14
NE-3,CASSAVA_YIELD_KG_HA,2023/2024,22561.0,kg/ha,A,pdfplumber,bulletin_1T24.pdf,DOSSO,Manioc / Rendement,2026-09-14
NE-4,CASSAVA_YIELD_KG_HA,2023/2024,24663.0,kg/ha,A,pdfplumber,bulletin_1T24.pdf,MARADI,Manioc / Rendement,2026-09-14
NE-5,CASSAVA_YIELD_KG_HA,2023/2024,26191.0,kg/ha,A,pdfplumber,bulletin_1T24.pdf,TAHOUA,Manioc / Rendement,2026-09-14
NE-6,CASSAVA_YIELD_KG_HA,2023/2024,9209.0,kg/ha,A,pdfplumber,bulletin_1T24.pdf,TILLABERY,Manioc / Rendement,2026-09-14
NE-7,CASSAVA_YIELD_KG_HA,2023/2024,19944.0,kg/ha,A,pdfplumber,bulletin_1T24.pdf,ZINDER,Manioc / Rendement,2026-09-14
NE-8,CASSAVA_YIELD_KG_HA,2023/2024,24308.0,kg/ha,A,pdfplumber,bulletin_1T24.pdf,NIAMEY.,Manioc / Rendement,2026-09-14
_T,CASSAVA_YIELD_KG_HA,2023/2024,23338.0,kg/ha,A,pdfplumber,bulletin_1T24.pdf,ENSEMBLE,Manioc / Rendement,2026-09-14
NE-1,CASSAVA_PROD_T,2023/2024,10915.0,t,A,pdfplumber,bulletin_1T24.pdf,AGADEZ,Manioc / Production,2026-09-14
NE-2,CASSAVA_PROD_T,2023/2024,0.0,t,A,pdfplumber,bulletin_1T24.pdf,DIFFA,Manioc / Production,2026-09-14
NE-3,CASSAVA_PROD_T,2023/2024,10280.0,t,A,pdfplumber,bulletin_1T24.pdf,DOSSO,Manioc / Production,2026-09-14
NE-4,CASSAVA_PROD_T,2023/2024,107975.0,t,A,pdfplumber,bulletin_1T24.pdf,MARADI,Manioc / Production,2026-09-14
NE-5,CASSAVA_PROD_T,2023/2024,3957.0,t,A,pdfplumber,bulletin_1T24.pdf,TAHOUA,Manioc / Production,2026-09-14
NE-6,CASSAVA_PROD_T,2023/2024,3426.0,t,A,pdfplumber,bulletin_1T24.pdf,TILLABERY,Manioc / Production,2026-09-14
NE-7,CASSAVA_PROD_T,2023/2024,16225.0,t,A,pdfplumber,bulletin_1T24.pdf,ZINDER,Manioc / Production,2026-09-14
NE-8,CASSAVA_PROD_T,2023/2024,8095.0,t,A,pdfplumber,bulletin_1T24.pdf,NIAMEY.,Manioc / Production,2026-09-14
_T,CASSAVA_PROD_T,2023/2024,160871.0,t,A,pdfplumber,bulletin_1T24.pdf,ENSEMBLE,Manioc / Production,2026-09-14
NE-1,SWEET_POTATO_AREA_HA,2023/2024,0.0,ha,A,pdfplumber,bulletin_1T24.pdf,AGADEZ,Patate douce / Superficie,2026-09-14
NE-2,SWEET_POTATO_AREA_HA,2023/2024,0.0,ha,A,pdfplumber,bulletin_1T24.pdf,DIFFA,Patate douce / Superficie,2026-09-14
NE-3,SWEET_POTATO_AREA_HA,2023/2024,102.0,ha,A,pdfplumber,bulletin_1T24.pdf,DOSSO,Patate douce / Superficie,2026-09-14
NE-4,SWEET_POTATO_AREA_HA,2023/2024,2617.0,ha,A,pdfplumber,bulletin_1T24.pdf,MARADI,Patate douce / Superficie,2026-09-14
NE-5,SWEET_POTATO_AREA_HA,2023/2024,1605.0,ha,A,pdfplumber,bulletin_1T24.pdf,TAHOUA,Patate douce / Superficie,2026-09-14
NE-6,SWEET_POTATO_AREA_HA,2023/2024,1251.0,ha,A,pdfplumber,bulletin_1T24.pdf,TILLABERY,Patate douce / Superficie,2026-09-14
NE-7,SWEET_POTATO_AREA_HA,2023/2024,1010.0,ha,A,pdfplumber,bulletin_1T24.pdf,ZINDER,Patate douce / Superficie,2026-09-14
NE-8,SWEET_POTATO_AREA_HA,2023/2024,53.0,ha,A,pdfplumber,bulletin_1T24.pdf,NIAMEY.,Patate douce / Superficie,2026-09-14
_T,SWEET_POTATO_AREA_HA,2023/2024,6638.0,ha,A,pdfplumber,bulletin_1T24.pdf,ENSEMBLE,Patate douce / Superficie,2026-09-14
NE-1,SWEET_POTATO_YIELD_KG_HA,2023/2024,0.0,kg/ha,A,pdfplumber,bulletin_1T24.pdf,AGADEZ,Patate douce / Rendement,2026-09-14
NE-2,SWEET_POTATO_YIELD_KG_HA,2023/2024,0.0,kg/ha,A,pdfplumber,bulletin_1T24.pdf,DIFFA,Patate douce / Rendement,2026-09-14
NE-3,SWEET_POTATO_YIELD_KG_HA,2023/2024,5986.0,kg/ha,A,pdfplumber,bulletin_1T24.pdf,DOSSO,Patate douce / Rendement,2026-09-14
NE-4,SWEET_POTATO_YIELD_KG_HA,2023/2024,23383.0,kg/ha,A,pdfplumber,bulletin_1T24.pdf,MARADI,Patate douce / Rendement,2026-09-14
NE-5,SWEET_POTATO_YIELD_KG_HA,2023/2024,10791.0,kg/ha,A,pdfplumber,bulletin_1T24.pdf,TAHOUA,Patate douce / Rendement,2026-09-14
NE-6,SWEET_POTATO_YIELD_KG_HA,2023/2024,16070.0,kg/ha,A,pdfplumber,bulletin_1T24.pdf,TILLABERY,Patate douce / Rendement,2026-09-14
NE-7,SWEET_POTATO_YIELD_KG_HA,2023/2024,29149.0,kg/ha,A,pdfplumber,bulletin_1T24.pdf,ZINDER,Patate douce / Rendement,2026-09-14
NE-8,SWEET_POTATO_YIELD_KG_HA,2023/2024,18081.0,kg/ha,A,pdfplumber,bulletin_1T24.pdf,NIAMEY.,Patate douce / Rendement,2026-09-14
_T,SWEET_POTATO_YIELD_KG_HA,2023/2024,19527.0,kg/ha,A,pdfplumber,bulletin_1T24.pdf,ENSEMBLE,Patate douce / Rendement,2026-09-14
NE-1,SWEET_POTATO_PROD_T,2023/2024,0.0,t,A,pdfplumber,bulletin_1T24.pdf,AGADEZ,Patate douce / Production,2026-09-14
NE-2,SWEET_POTATO_PROD_T,2023/2024,0.0,t,A,pdfplumber,bulletin_1T24.pdf,DIFFA,Patate douce / Production,2026-09-14
NE-3,SWEET_POTATO_PROD_T,2023/2024,613.0,t,A,pdfplumber,bulletin_1T24.pdf,DOSSO,Patate douce / Production,2026-09-14
NE-4,SWEET_POTATO_PROD_T,2023/2024,61194.0,t,A,pdfplumber,bulletin_1T24.pdf,MARADI,Patate douce / Production,2026-09-14
NE-5,SWEET_POTATO_PROD_T,2023/2024,17321.0,t,A,pdfplumber,bulletin_1T24.pdf,TAHOUA,Patate douce / Production,2026-09-14
NE-6,SWEET_POTATO_PROD_T,2023/2024,20099.0,t,A,pdfplumber,bulletin_1T24.pdf,TILLABERY,Patate douce / Production,2026-09-14
NE-7,SWEET_POTATO_PROD_T,2023/2024,29440.0,t,A,pdfplumber,bulletin_1T24.pdf,ZINDER,Patate douce / Production,2026-09-14
NE-8,SWEET_POTATO_PROD_T,2023/2024,958.0,t,A,pdfplumber,bulletin_1T24.pdf,NIAMEY.,Patate douce / Production,2026-09-14
_T,SWEET_POTATO_PROD_T,2023/2024,129625.0,t,A,pdfplumber,bulletin_1T24.pdf,ENSEMBLE,Patate douce / Production,2026-09-14
NE-1,PEPPER_AREA_HA,2023/2024,0.0,ha,A,pdfplumber,bulletin_1T24.pdf,AGADEZ,Poivron / Superficie,2026-09-14
NE-2,PEPPER_AREA_HA,2023/2024,0.0,ha,A,pdfplumber,bulletin_1T24.pdf,DIFFA,Poivron / Superficie,2026-09-14
NE-3,PEPPER_AREA_HA,2023/2024,500.0,ha,A,pdfplumber,bulletin_1T24.pdf,DOSSO,Poivron / Superficie,2026-09-14
NE-4,PEPPER_AREA_HA,2023/2024,541.0,ha,A,pdfplumber,bulletin_1T24.pdf,MARADI,Poivron / Superficie,2026-09-14
NE-5,PEPPER_AREA_HA,2023/2024,208.0,ha,A,pdfplumber,bulletin_1T24.pdf,TAHOUA,Poivron / Superficie,2026-09-14
NE-6,PEPPER_AREA_HA,2023/2024,685.0,ha,A,pdfplumber,bulletin_1T24.pdf,TILLABERY,Poivron / Superficie,2026-09-14
NE-7,PEPPER_AREA_HA,2023/2024,148.0,ha,A,pdfplumber,bulletin_1T24.pdf,ZINDER,Poivron / Superficie,2026-09-14
NE-8,PEPPER_AREA_HA,2023/2024,0.0,ha,A,pdfplumber,bulletin_1T24.pdf,NIAMEY.,Poivron / Superficie,2026-09-14
_T,PEPPER_AREA_HA,2023/2024,2082.0,ha,A,pdfplumber,bulletin_1T24.pdf,ENSEMBLE,Poivron / Superficie,2026-09-14
NE-1,PEPPER_YIELD_KG_HA,2023/2024,0.0,kg/ha,A,pdfplumber,bulletin_1T24.pdf,AGADEZ,Poivron / Rendement,2026-09-14
NE-2,PEPPER_YIELD_KG_HA,2023/2024,0.0,kg/ha,A,pdfplumber,bulletin_1T24.pdf,DIFFA,Poivron / Rendement,2026-09-14
NE-3,PEPPER_YIELD_KG_HA,2023/2024,15701.0,kg/ha,A,pdfplumber,bulletin_1T24.pdf,DOSSO,Poivron / Rendement,2026-09-14
NE-4,PEPPER_YIELD_KG_HA,2023/2024,15022.0,kg/ha,A,pdfplumber,bulletin_1T24.pdf,MARADI,Poivron / Rendement,2026-09-14
NE-5,PEPPER_YIELD_KG_HA,2023/2024,4127.0,kg/ha,A,pdfplumber,bulletin_1T24.pdf,TAHOUA,Poivron / Rendement,2026-09-14
NE-6,PEPPER_YIELD_KG_HA,2023/2024,9541.0,kg/ha,A,pdfplumber,bulletin_1T24.pdf,TILLABERY,Poivron / Rendement,2026-09-14
NE-7,PEPPER_YIELD_KG_HA,2023/2024,29602.0,kg/ha,A,pdfplumber,bulletin_1T24.pdf,ZINDER,Poivron / Rendement,2026-09-14
NE-8,PEPPER_YIELD_KG_HA,2023/2024,0.0,kg/ha,A,pdfplumber,bulletin_1T24.pdf,NIAMEY.,Poivron / Rendement,2026-09-14
_T,PEPPER_YIELD_KG_HA,2023/2024,13328.0,kg/ha,A,pdfplumber,bulletin_1T24.pdf,ENSEMBLE,Poivron / Rendement,2026-09-14
NE-1,PEPPER_PROD_T,2023/2024,0.0,t,A,pdfplumber,bulletin_1T24.pdf,AGADEZ,Poivron / Production,2026-09-14
NE-2,PEPPER_PROD_T,2023/2024,0.0,t,A,pdfplumber,bulletin_1T24.pdf,DIFFA,Poivron / Production,2026-09-14
NE-3,PEPPER_PROD_T,2023/2024,7850.0,t,A,pdfplumber,bulletin_1T24.pdf,DOSSO,Poivron / Production,2026-09-14
NE-4,PEPPER_PROD_T,2023/2024,8126.0,t,A,pdfplumber,bulletin_1T24.pdf,MARADI,Poivron / Production,2026-09-14
NE-5,PEPPER_PROD_T,2023/2024,861.0,t,A,pdfplumber,bulletin_1T24.pdf,TAHOUA,Poivron / Production,2026-09-14
NE-6,PEPPER_PROD_T,2023/2024,6532.0,t,A,pdfplumber,bulletin_1T24.pdf,TILLABERY,Poivron / Production,2026-09-14
NE-7,PEPPER_PROD_T,2023/2024,4382.0,t,A,pdfplumber,bulletin_1T24.pdf,ZINDER,Poivron / Production,2026-09-14
NE-8,PEPPER_PROD_T,2023/2024,0.0,t,A,pdfplumber,bulletin_1T24.pdf,NIAMEY.,Poivron / Production,2026-09-14
_T,PEPPER_PROD_T,2023/2024,27751.0,t,A,pdfplumber,bulletin_1T24.pdf,ENSEMBLE,Poivron / Production,2026-09-14
