REF_AREA,COMPOSITE_BREAKDOWN,OBS_VALUE_report,TYPE_CULTURE,OBS_VALUE_portal,gap,relative_gap,agrees
NE,GOM,157540.0,CUL_MAR,42919.0,114621.0,2.670635382930637,False
NE,PIM,26880.0,CUL_MAR,59681.0,32801.0,0.5496054020542551,False
NE-1,ARA,3.0,CUL_IND,2.8228,0.17720000000000002,0.06277455009210714,True
NE-1,NIE,72.0,CUL_VIV,71.69296250000001,0.30703749999999275,0.0042826727937207605,True
NE-8,MAI,72.0,CUL_VIV,71.743709,0.2562910000000045,0.0035723132184315213,True
NE-1,MIL,141.0,CUL_VIV,141.4974155,0.49741549999998824,0.00351536809518608,True
NE-1,SOR,147.0,CUL_VIV,147.34801,0.34800999999998794,0.0023618235495680463,True
NE-1,MAI,559.0,CUL_VIV,559.3999816,0.39998160000004646,0.0007150189723925555,True
NE-8,SOR,352.0,CUL_VIV,352.1333834,0.1333834000000138,0.00037878657999460154,True
NE-7,MAI,1327.0,CUL_VIV,1327.4774000999998,0.4774000999998407,0.0003596295499749207,True
NE-6,MAI,1285.0,CUL_VIV,1285.2725878,0.2725878000001103,0.0002120855938168716,True
NE-5,MAI,861.0,CUL_VIV,860.832864,0.1671360000000277,0.00019415615619436632,True
NE-4,RIZ,2185.0,CUL_VIV,2184.671208,0.3287919999997939,0.00015049953457334797,True
NE-2,MAI,3825.0,CUL_VIV,3825.496211,0.4962110000001303,0.00012971153874713124,True
NE,MAI,12429.0,CUL_VIV,12430.287017900002,1.2870179000019561,0.00010353887228417253,True
NE-2,ARA,3439.0,CUL_IND,3438.6537663,0.34623370000008435,0.00010068873563058158,True
NE-4,MAI,2313.0,CUL_VIV,2313.1399609,0.1399609000000055,6.050688776547239e-05,True
NE-5,RIZ,4439.0,CUL_VIV,4438.731626,0.2683740000002217,6.04618667252179e-05,True
NE,FON,4896.0,CUL_VIV,4896.273094,0.2730940000001283,5.577589214432987e-05,True
NE-2,SOR,8816.0,CUL_VIV,8816.3758428,0.3758428000001004,4.2630079150611185e-05,True
NE-8,NIE,6461.0,CUL_VIV,6461.238173399999,0.2381733999991411,3.6861882135790506e-05,True
NE-3,MAI,2187.0,CUL_VIV,2186.9243035,0.07569650000004913,3.4613223639658145e-05,True
NE-6,ARA,16612.0,CUL_IND,16611.620439600003,0.3795603999969899,2.284908936952146e-05,True
NE-2,NIE,19955.0,CUL_VIV,19955.3818412,0.3818412000000535,1.9134747860935533e-05,True
NE-2,RIZ,5360.0,CUL_VIV,5360.1020016,0.10200160000022152,1.902978711408362e-05,True
NE-8,MIL,9698.0,CUL_VIV,9697.8198057,0.18019429999912973,1.8580908246327544e-05,True
NE-7,RIZ,19717.0,CUL_VIV,19717.332728500005,0.3327285000050324,1.6874924442700962e-05,True
NE-6,RIZ,25478.0,CUL_VIV,25477.7276356,0.27236439999978757,1.0690294044089437e-05,True
NE-5,ARA,45025.0,CUL_IND,45024.54069200001,0.45930799999041483,1.0201281188683507e-05,True
NE,VOA,50571.0,CUL_VIV,50570.6270968,0.3729031999973813,7.373908954769078e-06,True
NE-3,RIZ,13833.0,CUL_VIV,13833.0868718,0.0868718000001536,6.280001044253515e-06,True
NE,RIZ,71012.0,CUL_VIV,71011.65207150001,0.34792849999212194,4.89959731737829e-06,True
NE-2,MIL,33476.0,CUL_VIV,33475.8642368,0.13576319999992847,4.055554743548161e-06,True
NE-3,ARA,59548.0,CUL_IND,59548.1663276,0.1663276000035694,2.7931607345981055e-06,True
NE,PAT,228974.0,CUL_VIV,228974.61433590003,0.6143359000270721,2.682986940752553e-06,True
NE-3,SOR,168389.0,CUL_VIV,168389.32889099998,0.328890999982832,1.9531582087112318e-06,True
NE,ARA,672757.0,CUL_IND,672755.8310841001,1.1689158999361098,1.7375039292524328e-06,True
NE,OIG,122074.0,CUL_VIV,122074.18440860002,0.18440860002010595,1.5106273362668031e-06,True
NE-5,NIE,468397.0,CUL_VIV,468397.4884084,0.4884083999786526,1.0427220727383682e-06,True
NE-6,NIE,424918.0,CUL_VIV,424918.3566045,0.35660449997521937,8.392306296786682e-07,True
NE-6,SOR,157597.0,CUL_VIV,157597.1160428,0.11604279998573475,7.363256568363854e-07,True
NE,NIE,2763020.0,CUL_VIV,2763021.7748388005,1.7748388005420566,6.423542574671181e-07,True
NE-3,MIL,723479.0,CUL_VIV,723479.4602520999,0.4602520999033004,6.361647084534001e-07,True
NE-4,SOR,645912.0,CUL_VIV,645911.6460749,0.35392509994562715,5.479466148294002e-07,True
NE-4,ARA,244647.0,CUL_IND,244647.1102911,0.11029109999071807,4.5081709675411747e-07,True
NE-4,MIL,945050.0,CUL_VIV,945050.3954124,0.39541240001562983,4.184035072998199e-07,True
NE-7,SOR,567772.0,CUL_VIV,567771.7679103,0.23208969994448125,4.0877287857882387e-07,True
NE,MIL,3836013.0,CUL_VIV,3836014.5445048,1.5445047998800874,4.0263267564838473e-07,True
NE-5,SOR,358435.0,CUL_VIV,358434.8604157,0.13958429999183863,3.894272444090782e-07,True
NE-4,NIE,668219.0,CUL_VIV,668219.2505471001,0.25054710009135306,3.749474441004495e-07,True
NE-3,NIE,554733.0,CUL_VIV,554733.1886026,0.18860260001383722,3.3998795076410767e-07,True
NE,SOR,1907420.0,CUL_VIV,1907420.5765709,0.5765708999242634,3.022778022877389e-07,True
NE-7,NIE,620265.0,CUL_VIV,620265.1776991,0.17769909999333322,2.864889185823966e-07,True
NE-6,MIL,578250.0,CUL_VIV,578250.1627114,0.16271139995660633,2.813858264970594e-07,True
NE-7,ARA,303483.0,CUL_IND,303482.9167675,0.0832325000083074,2.742576119105653e-07,True
NE-7,MIL,715408.0,CUL_VIV,715408.1614376002,0.16143760015256703,2.256580353069512e-07,True
NE-5,MIL,830511.0,CUL_VIV,830511.1832332999,0.1832332998747006,2.2062713130646468e-07,True
NE,MAN,596210.0,CUL_VIV,596210.0992808001,0.09928080008830875,1.6651982280754687e-07,True
