codelist,code,name,dataflow
CL_COMMENT_OBS,COMMENT_OBS,"For rice, this refers to rice cultivation outside of hydro-agricultural development.",DF_AGRI_PROD
CL_COMMENT_OBS,I,Excluding SOPAMIN production,DF_AGRI_PROD
CL_COMMENT_OBS,II,Including SOPAMIN sales,DF_AGRI_PROD
CL_FREQ,A,Annual,DF_AGRI_PROD
CL_FREQ,M,Monthly,DF_AGRI_PROD
CL_FREQ,Q,Quarterly,DF_AGRI_PROD
CL_FREQ,S,"Half-yearly, semester",DF_AGRI_PROD
CL_FREQ,W,Weekly,DF_AGRI_PROD
CL_FREQ,D,Daily,DF_AGRI_PROD
CL_FREQ,H,Hourly,DF_AGRI_PROD
CL_FREQ,B,Daily – business week,DF_AGRI_PROD
CL_FREQ,N,Minutely,DF_AGRI_PROD
CL_FREQ,A2,Biennial,DF_AGRI_PROD
CL_FREQ,A3,Triennial,DF_AGRI_PROD
CL_FREQ,A4,Quadrennial,DF_AGRI_PROD
CL_FREQ,A5,Quinquennial,DF_AGRI_PROD
CL_FREQ,A10,Decennial,DF_AGRI_PROD
CL_FREQ,A20,Bidecennial,DF_AGRI_PROD
CL_FREQ,A30,Tridecennial,DF_AGRI_PROD
CL_FREQ,A_3,Three times a year,DF_AGRI_PROD
CL_FREQ,M2,Bimonthly,DF_AGRI_PROD
CL_FREQ,M_2,Semimonthly,DF_AGRI_PROD
CL_FREQ,M_3,Three times a month,DF_AGRI_PROD
CL_FREQ,W2,Biweekly,DF_AGRI_PROD
CL_FREQ,W3,Triweekly,DF_AGRI_PROD
CL_FREQ,W4,Four-weekly,DF_AGRI_PROD
CL_FREQ,W_2,Semiweekly,DF_AGRI_PROD
CL_FREQ,W_3,Three times a week,DF_AGRI_PROD
CL_FREQ,D_2,Twice a day,DF_AGRI_PROD
CL_FREQ,H2,Bihourly,DF_AGRI_PROD
CL_FREQ,H3,Trihourly,DF_AGRI_PROD
CL_FREQ,I,Irregular,DF_AGRI_PROD
CL_FREQ,OA,Occasional annual,DF_AGRI_PROD
CL_FREQ,OM,Occasional monthly,DF_AGRI_PROD
CL_FREQ,_O,Other,DF_AGRI_PROD
CL_FREQ,_U,Unspecified,DF_AGRI_PROD
CL_FREQ,_Z,Not applicable,DF_AGRI_PROD
CL_INDIC_AGRI,SUP,Cultivated area,DF_AGRI_PROD
CL_INDIC_AGRI,PROD,Production,DF_AGRI_PROD
CL_INDIC_AGRI,REND,Yield,DF_AGRI_PROD
CL_REF_AREA,AFNER,Niger,DF_AGRI_PROD
CL_REF_AREA,AFNER1,Agadez,DF_AGRI_PROD
CL_REF_AREA,AFNER2,Diffa,DF_AGRI_PROD
CL_REF_AREA,AFNER3,Dosso,DF_AGRI_PROD
CL_REF_AREA,AFNER4,Maradi,DF_AGRI_PROD
CL_REF_AREA,AFNER5,Tahoua,DF_AGRI_PROD
CL_REF_AREA,AFNER6,Tillaberi,DF_AGRI_PROD
CL_REF_AREA,AFNER7,Zinder,DF_AGRI_PROD
CL_REF_AREA,AFNER8,Niamey,DF_AGRI_PROD
CL_REF_AREA,AFNER01,Agadez,DF_AGRI_PROD
CL_REF_AREA,AFNER02,Diffa,DF_AGRI_PROD
CL_REF_AREA,AFNER03,Dosso,DF_AGRI_PROD
CL_REF_AREA,AFNER04,Maradi,DF_AGRI_PROD
CL_REF_AREA,AFNER05,Tahoua,DF_AGRI_PROD
CL_REF_AREA,AFNER06,Tillaberi,DF_AGRI_PROD
CL_REF_AREA,AFNER07,Zinder,DF_AGRI_PROD
CL_REF_AREA,AFNER08,Niamey,DF_AGRI_PROD
CL_REF_AREA,AFRNER,NIGER,DF_AGRI_PROD
CL_REF_AREA,AFRNER6,TILLABERI,DF_AGRI_PROD
CL_REF_AREA,AFRNER8,NIAMEY,DF_AGRI_PROD
CL_REF_AREA,AFRNER7,ZINDER,DF_AGRI_PROD
CL_REF_AREA,AFRNER3,DOSSO,DF_AGRI_PROD
CL_REF_AREA,AFRNER1,AGADEZ,DF_AGRI_PROD
CL_REF_AREA,AFRNER5,TAHOUA,DF_AGRI_PROD
CL_REF_AREA,AFRNER4,MARADI,DF_AGRI_PROD
CL_REF_AREA,AFRNER2,DIFFA,DF_AGRI_PROD
CL_SOURCE,MAE,Source: Ministry of Agriculture and Livestock / EPER Reports,DF_AGRI_PROD
CL_SOURCE,INS_PROJ_DEM,INS/Demographic Projection 2012-2025,DF_AGRI_PROD
CL_SOURCE,INS_TBS,INS/Social Dashboard,DF_AGRI_PROD
CL_SOURCE,DS_MEH_A,"Source: Direction des Statistiques du Ministère de l'Environnement, de l'Hydraulique et de l'Assainissement",DF_AGRI_PROD
CL_SOURCE,MENAPL_AFNER,"Source:Ministère de l'Education Nationale, de l'Alphabétisation et de la Promotion des Langues",DF_AGRI_PROD
CL_SOURCE,DSI_MM,Source: Ministère des Mines,DF_AGRI_PROD
CL_SOURCE,DS_ME,Source: Ministère de l'Energie,DF_AGRI_PROD
CL_SOURCE,ANN_STAT_MESRIT,Annuaires Statistiques du Ministére de l'Enseignement Supérieur de la Recherche et de l'Innovation Technologique,DF_AGRI_PROD
CL_SOURCE,INS_NGR,Source: Institut National de la statistique - INS Niger,DF_AGRI_PROD
CL_SOURCE,DHIS2,DHIS2,DF_AGRI_PROD
CL_SOURCE,MCTI,Source:Ministère de la Communication et des Nouvelles Technologies de l'Information,DF_AGRI_PROD
CL_SOURCE,DSSI_MJDH_CRI_NER,"Source: Directorate of Statistics and Information Systems of the Ministry of Justice and Human Rights, in charge of Relations with Institutions",DF_AGRI_PROD
CL_SOURCE,INS,National Institute of Statistics,DF_AGRI_PROD
CL_SOURCE,MAGEL,Ministry of Agriculture and Livestock,DF_AGRI_PROD
CL_SOURCE,BASE_COM_EXT,Foreign Trade Base,DF_AGRI_PROD
CL_SOURCE,INS_NGE,Source: Institut National de la statistique - INS Niger,DF_AGRI_PROD
CL_SPECULATION,ARA,Peanut,DF_AGRI_PROD
CL_SPECULATION,OIG,Onion,DF_AGRI_PROD
CL_SPECULATION,GOM,Okra,DF_AGRI_PROD
CL_SPECULATION,PIM,Pepper,DF_AGRI_PROD
CL_SPECULATION,TOM,Tomato,DF_AGRI_PROD
CL_SPECULATION,MIL,MIL,DF_AGRI_PROD
CL_SPECULATION,SOR,Sorghum,DF_AGRI_PROD
CL_SPECULATION,RIZ,Rice,DF_AGRI_PROD
CL_SPECULATION,MAI,But,DF_AGRI_PROD
CL_SPECULATION,NIE,Cowpea,DF_AGRI_PROD
CL_SPECULATION,ENS,Ensemble,DF_AGRI_PROD
CL_SPECULATION,CER,Cereals,DF_AGRI_PROD
CL_SPECULATION,FON,Fonio,DF_AGRI_PROD
CL_SPECULATION,LEG,Legumes,DF_AGRI_PROD
CL_SPECULATION,VOA,Voandzou,DF_AGRI_PROD
CL_SPECULATION,TUB,Tubers,DF_AGRI_PROD
CL_SPECULATION,MAN,Cassava,DF_AGRI_PROD
CL_SPECULATION,PAT,Sweet potato,DF_AGRI_PROD
CL_SPECULATION,POM,Potato,DF_AGRI_PROD
CL_TYPE_CULTURE,CUL_IND,Industrial crops,DF_AGRI_PROD
CL_TYPE_CULTURE,CUL_MAR,Market gardening,DF_AGRI_PROD
CL_TYPE_CULTURE,CUL_VIV,Food crops,DF_AGRI_PROD
CL_INDIC_EDUC_ENSUP,POP_TOT,Population du Niger au 1er octobre,DF_BASE_MESRIT
CL_INDIC_EDUC_ENSUP,POP_SCOL_SUP,Population scolarisable au supérieur (âgée de 20 à 24 ans),DF_BASE_MESRIT
CL_INDIC_EDUC_ENSUP,ETAB_SUP,Nombre d'établissements (publics et privés) du supérieur,DF_BASE_MESRIT
CL_INDIC_EDUC_ENSUP,EFF_ETUD,Effectif total des étudiants (publics et privés),DF_BASE_MESRIT
CL_INDIC_EDUC_ENSUP,ETUD_U_PUB,Effectif total des étudiants dans les Universités Publiques,DF_BASE_MESRIT
CL_INDIC_EDUC_ENSUP,ETUD_PRI,Effectif des étudiants dans les établissements privés,DF_BASE_MESRIT
CL_INDIC_EDUC_ENSUP,PROP_ETUD_PRI,Proportion d'étudiants inscrits dans le privé,DF_BASE_MESRIT
CL_INDIC_EDUC_ENSUP,PROP_ETUD_PCH,Nombre d'étudiants pour 100 000 habitants,DF_BASE_MESRIT
CL_INDIC_EDUC_ENSUP,RAP_FEM,Rapport de féminité au supérieur,DF_BASE_MESRIT
CL_INDIC_EDUC_ENSUP,PROP_FIL,Proportion des filles dans l'enseignement supérieur,DF_BASE_MESRIT
CL_INDIC_EDUC_ENSUP,EFF_ENS_PERM,Effectifs enseignants permanents des Universités Publiques,DF_BASE_MESRIT
CL_INDIC_EDUC_ENSUP,RAT_ETUD_ENS,Ratio étudiants/enseignant dans les Universités Publiques,DF_BASE_MESRIT
CL_INDIC_EDUC_ENSUP,ETUD_PA_AMP,Nombre d’étudiants pour une place assise en amphithéâtre,DF_BASE_MESRIT
CL_INDIC_EDUC_ENSUP,TBS_SUP,Taux brut de scolarisation au supérieur,DF_BASE_MESRIT
CL_INDIC_EDUC_ENSUP,ETUD_BOURS,Nombre d'étudiants boursiers,DF_BASE_MESRIT
CL_INDIC_EDUC_ENSUP,ETUD_AID_SOC,Nombre d'étudiants bénéficiaires de l'aide sociale,DF_BASE_MESRIT
CL_INDIC_EDUC_ENSUP,BAC_GEN,Taux de réussite au BAC général,DF_BASE_MESRIT
CL_INDIC_EDUC_ENSUP,BAC_PRO,Taux de réussite au BAC Professionnel,DF_BASE_MESRIT
CL_INDIC_EDUC_ENSUP,BAC_TECH,Taux de réussite au BAC Technique,DF_BASE_MESRIT
CL_INDIC_EDUC_ENSUP,BAC_GLOB,Taux de réussite général tous Bacs confondus,DF_BASE_MESRIT
CL_INDIC_EDUC_ENSUP,BTS_GLOB,Taux d'admissibilité au BTS d'Etat,DF_BASE_MESRIT
CL_SEXE,HOM,Homme,DF_BASE_MESRIT
CL_SEXE,FEM,Femme,DF_BASE_MESRIT
CL_SEXE,F,Féminin,DF_BASE_MESRIT
CL_SEXE,M,Masculin,DF_BASE_MESRIT
CL_SEXE,GAR,Garçon,DF_BASE_MESRIT
CL_SEXE,FIL,Fille,DF_BASE_MESRIT
CL_SEXE,TOT,Total,DF_BASE_MESRIT
CL_SEXE,ENS,Ensemble,DF_BASE_MESRIT
CL_SEXE,_Z,Non applicable,DF_BASE_MESRIT
CL_SEXE,_T,Total,DF_BASE_MESRIT
CL_STATUT,PUB,Public,DF_BASE_MESRIT
CL_STATUT,PRI,Privé,DF_BASE_MESRIT
CL_STATUT,ENS,Ensemble,DF_BASE_MESRIT
CL_UNIT_MEASURE,PER,Percent,DF_BASE_MESRIT
CL_UNIT_MEASURE,NUMBER,Number,DF_BASE_MESRIT
CL_UNIT_MEASURE,PER_1000,‰,DF_BASE_MESRIT
CL_UNIT_MEASURE,IX,Index,DF_BASE_MESRIT
CL_UNIT_MEASURE,NBR,Number,DF_BASE_MESRIT
CL_UNIT_MEASURE,T,Tonne,DF_BASE_MESRIT
CL_UNIT_MEASURE,KG,kilogram,DF_BASE_MESRIT
CL_UNIT_MEASURE,L,Liter,DF_BASE_MESRIT
CL_UNIT_MEASURE,FT,Was,DF_BASE_MESRIT
CL_UNIT_MEASURE,HA,Hectare,DF_BASE_MESRIT
CL_UNIT_MEASURE,ELE_CLA,Students/Class,DF_BASE_MESRIT
CL_UNIT_MEASURE,ELE_MAI,Students/Teachers,DF_BASE_MESRIT
CL_UNIT_MEASURE,ANS,Years,DF_BASE_MESRIT
CL_UNIT_MEASURE,HBT_KM2,Inhabitants/km2,DF_BASE_MESRIT
CL_UNIT_MEASURE,ENF,Children/woman,DF_BASE_MESRIT
CL_UNIT_MEASURE,M_CFA,Thousands of CFA francs,DF_BASE_MESRIT
CL_UNIT_MEASURE,MIL_CFA,Millions of CFA francs,DF_BASE_MESRIT
CL_UNIT_MEASURE,BIL_CFA,Billions of CFA francs,DF_BASE_MESRIT
CL_UNIT_MEASURE,FCFA,CFA francs,DF_BASE_MESRIT
CL_UNIT_MEASURE,DLR,$,DF_BASE_MESRIT
CL_UNIT_MEASURE,M_DLR,Millions of US dollars,DF_BASE_MESRIT
CL_UNIT_MEASURE,BIL_DLR,Billions of US dollars,DF_BASE_MESRIT
CL_UNIT_MEASURE,M_EURO,Millions of Euros,DF_BASE_MESRIT
CL_UNIT_MEASURE,BIL_EURO,Billions of Euros,DF_BASE_MESRIT
CL_UNIT_MEASURE,1000_T,Thousands of tons,DF_BASE_MESRIT
CL_UNIT_MEASURE,1000_TET,Thousands of heads,DF_BASE_MESRIT
CL_UNIT_MEASURE,RANG,Rank,DF_BASE_MESRIT
CL_UNIT_MEASURE,1000_M3,Thousands of cubic meters,DF_BASE_MESRIT
CL_UNIT_MEASURE,RATIO,Ratio,DF_BASE_MESRIT
CL_UNIT_MEASURE,1000_T_KM,Thousands of ton-kilometers,DF_BASE_MESRIT
CL_UNIT_MEASURE,KM,Kilometer,DF_BASE_MESRIT
CL_UNIT_MEASURE,KG_HBT_AN,kg/inhabitant/year,DF_BASE_MESRIT
CL_UNIT_MEASURE,KWH,kWh,DF_BASE_MESRIT
CL_UNIT_MEASURE,MWH,Mwh,DF_BASE_MESRIT
CL_UNIT_MEASURE,HS,Hours/week,DF_BASE_MESRIT
CL_UNIT_MEASURE,M,Month,DF_BASE_MESRIT
CL_UNIT_MEASURE,M_KWH,Millions of kWh,DF_BASE_MESRIT
CL_UNIT_MEASURE,MIL,Millions,DF_BASE_MESRIT
CL_UNIT_MEASURE,RM,Number of men per 100 women,DF_BASE_MESRIT
CL_UNIT_MEASURE,H,HOUR,DF_BASE_MESRIT
CL_UNIT_MEASURE,TM,Metric ton,DF_BASE_MESRIT
CL_UNIT_MEASURE,1000000_M3,Millions of cubic meters,DF_BASE_MESRIT
CL_UNIT_MEASURE,M_L,Thousands of liters,DF_BASE_MESRIT
CL_UNIT_MEASURE,UNIT,Unit,DF_BASE_MESRIT
CL_UNIT_MEASURE,_T,All currencies of denomination,DF_BASE_MESRIT
CL_UNIT_MEASURE,DY,Days,DF_BASE_MESRIT
CL_UNIT_MEASURE,EUR,Euro,DF_BASE_MESRIT
CL_UNIT_MEASURE,EUR_R_KG,Euro per kilogram,DF_BASE_MESRIT
CL_UNIT_MEASURE,EUR_R_KG_L,EUR per kg Chain linked volumes,DF_BASE_MESRIT
CL_UNIT_MEASURE,FRF,French franc,DF_BASE_MESRIT
CL_UNIT_MEASURE,GR,Grams,DF_BASE_MESRIT
CL_UNIT_MEASURE,GT,Gross tonnage (GT),DF_BASE_MESRIT
CL_UNIT_MEASURE,GW,Gigawatt,DF_BASE_MESRIT
CL_UNIT_MEASURE,GWHR,Gigawatt-hour,DF_BASE_MESRIT
CL_UNIT_MEASURE,HL,Hectolitre,DF_BASE_MESRIT
CL_UNIT_MEASURE,HR,Hours,DF_BASE_MESRIT
CL_UNIT_MEASURE,HW,Hours worked,DF_BASE_MESRIT
CL_UNIT_MEASURE,KCAL,Kilocalorie,DF_BASE_MESRIT
CL_UNIT_MEASURE,KG_R_GDP_USD,kg per dollar of GDP in USD,DF_BASE_MESRIT
CL_UNIT_MEASURE,KGCO2E_R_KG,Kg of CO2E per Kg of Product,DF_BASE_MESRIT
CL_UNIT_MEASURE,KGOE,Kilogram of oil equivalent (KGOE),DF_BASE_MESRIT
CL_UNIT_MEASURE,KL,Kilolitres,DF_BASE_MESRIT
CL_UNIT_MEASURE,KM2,Square kilometre,DF_BASE_MESRIT
CL_UNIT_MEASURE,KW,Kilowatt,DF_BASE_MESRIT
CL_UNIT_MEASURE,KWHR,Kilowatt-hour,DF_BASE_MESRIT
CL_UNIT_MEASURE,LT,Litres,DF_BASE_MESRIT
CL_UNIT_MEASURE,M3,Cubic metre,DF_BASE_MESRIT
CL_UNIT_MEASURE,MN,Minute,DF_BASE_MESRIT
CL_UNIT_MEASURE,MQ,Square Metres,DF_BASE_MESRIT
CL_UNIT_MEASURE,MW,Megawatt,DF_BASE_MESRIT
CL_UNIT_MEASURE,MY,Man Years,DF_BASE_MESRIT
CL_UNIT_MEASURE,OZ,Ounces,DF_BASE_MESRIT
CL_UNIT_MEASURE,PA,Percent per annum,DF_BASE_MESRIT
CL_UNIT_MEASURE,PD,Percentage points,DF_BASE_MESRIT
CL_UNIT_MEASURE,PE_R_KG,PPS per kg,DF_BASE_MESRIT
CL_UNIT_MEASURE,PO,Points,DF_BASE_MESRIT
CL_UNIT_MEASURE,PP,Purchasing power parities,DF_BASE_MESRIT
CL_UNIT_MEASURE,PS,Persons,DF_BASE_MESRIT
CL_UNIT_MEASURE,RT,Interest rate,DF_BASE_MESRIT
CL_UNIT_MEASURE,TCO2E,Tonnes of CO2-equivalent,DF_BASE_MESRIT
CL_UNIT_MEASURE,TCO2E_R_POP,Tonnes of CO2-equivalent per capita,DF_BASE_MESRIT
CL_UNIT_MEASURE,TN_R_POP,Tonnes per capita,DF_BASE_MESRIT
CL_UNIT_MEASURE,TN_RME,Tonnes in raw material equivalents,DF_BASE_MESRIT
CL_UNIT_MEASURE,TSO2E,Tonnes of SO2-equivalent,DF_BASE_MESRIT
CL_UNIT_MEASURE,TSO2E_R_POP,Tonnes of SO2-equivalent per capita,DF_BASE_MESRIT
CL_UNIT_MEASURE,USD_R_KG,USD per kilogram,DF_BASE_MESRIT
CL_UNIT_MEASURE,XAF,CFA franc / BEAC,DF_BASE_MESRIT
CL_UNIT_MEASURE,XAG,Silver,DF_BASE_MESRIT
CL_UNIT_MEASURE,XAU,Gold,DF_BASE_MESRIT
CL_UNIT_MEASURE,XOF,CFA franc / BCEAO,DF_BASE_MESRIT
CL_UNIT_MEASURE,KML,Linear Kilometer,DF_BASE_MESRIT
CL_UNIT_MEASURE,XOF_PER_KG,FCFA PER KG,DF_BASE_MESRIT
CL_UNIT_MEASURE,USD,US Dollar,DF_BASE_MESRIT
CL_UNIT_MEASURE,LCU,Local Currency Unit,DF_BASE_MESRIT
CL_UNIT_MEASURE,PPP_USD,PPP US Dollar,DF_BASE_MESRIT
CL_UNIT_MEASURE,PERSON,Persons,DF_BASE_MESRIT
CL_UNIT_MEASURE,HOUSEHOLD,Households,DF_BASE_MESRIT
CL_UNIT_MEASURE,ENTERPRISE,Enterprises,DF_BASE_MESRIT
CL_UNIT_MEASURE,PERCENT,Percent (%),DF_BASE_MESRIT
CL_UNIT_MEASURE,RATE,Rate,DF_BASE_MESRIT
CL_UNIT_MEASURE,PER_CAPITA,Per capita,DF_BASE_MESRIT
CL_UNIT_MEASURE,PER_EMPLOYEE,Per employee,DF_BASE_MESRIT
CL_UNIT_MEASURE,PER_KM2,Per square kilometer,DF_BASE_MESRIT
CL_UNIT_MEASURE,IDX,Index,DF_BASE_MESRIT
CL_UNIT_MEASURE,VOLUME_INDEX,Volume index,DF_BASE_MESRIT
CL_UNIT_MEASURE,PRICE_INDEX,Price index,DF_BASE_MESRIT
CL_UNIT_MEASURE,TONNE,Metric ton,DF_BASE_MESRIT
CL_UNIT_MEASURE,TOE,Ton of oil equivalent,DF_BASE_MESRIT
CL_UNIT_MEASURE,GWH,Gigawatt hour,DF_BASE_MESRIT
CL_UNIT_MEASURE,CO2_TONNE,Tonnes of CO2,DF_BASE_MESRIT
CL_UNIT_MEASURE,DAY,Day,DF_BASE_MESRIT
CL_UNIT_MEASURE,MONTH,Month,DF_BASE_MESRIT
CL_UNIT_MEASURE,YEAR,Year,DF_BASE_MESRIT
CL_UNIT_MEASURE,HOUR,Hour,DF_BASE_MESRIT
CL_UNIT_MEASURE,EMPLOYED,Employed persons,DF_BASE_MESRIT
CL_UNIT_MEASURE,UNEMPLOYED,Unemployed persons,DF_BASE_MESRIT
CL_UNIT_MEASURE,HOURS_WORKED,Hours worked,DF_BASE_MESRIT
CL_UNIT_MEASURE,PERCENT_GDP,Percent of GDP,DF_BASE_MESRIT
CL_UNIT_MEASURE,BASIS_POINT,Basis point,DF_BASE_MESRIT
CL_UNIT_MEASURE,TONNE_PER_HA,Tonnes per hectare,DF_BASE_MESRIT
CL_UNIT_MEASURE,KG_PER_CAPITA,Kg per capita,DF_BASE_MESRIT
CL_UNIT_MEASURE,AVG_AGE,Mean age,DF_BASE_MESRIT
CL_UNIT_MEASURE,AVG_DAYS,Mean effective average duration in days,DF_BASE_MESRIT
CL_UNIT_MEASURE,AVG_PWB,"Mean values from 0 to 100, with better psychological well-being corresponding to higher scores",DF_BASE_MESRIT
CL_UNIT_MEASURE,AVG_SPWB,"Standardised mean values from 0 to 100, with better psychological well-being corresponding to higher scores",DF_BASE_MESRIT
CL_UNIT_MEASURE,AVG_SCORE,"Average score, using a scale from 0 to 10",DF_BASE_MESRIT
CL_UNIT_MEASURE,AVG_NUMB_USER,Average number per user,DF_BASE_MESRIT
CL_UNIT_MEASURE,AVG_NY,Average number of years,DF_BASE_MESRIT
CL_UNIT_MEASURE,ASCERT,% ratio between the amount of collections on the accruals account and the ascertained revenue,DF_BASE_MESRIT
CL_UNIT_MEASURE,EMPL_4,"Per 10,000 in employment (excluding the armed forces)",DF_BASE_MESRIT
CL_UNIT_MEASURE,EURO_PC,Euros per capita,DF_BASE_MESRIT
CL_UNIT_MEASURE,PER_10P3_HAB,"Per 1,000 inhabitants",DF_BASE_MESRIT
CL_UNIT_MEASURE,PER_10P4_HAB,"Per 10,000 inhabitants",DF_BASE_MESRIT
CL_UNIT_MEASURE,PER_10P5_HAB,"Per 100,000 inhabitants",DF_BASE_MESRIT
CL_UNIT_MEASURE,PER_10P6_HAB,Per millions of inhabitants,DF_BASE_MESRIT
CL_UNIT_MEASURE,KG_PER_HAB,Kg per inhabitant,DF_BASE_MESRIT
CL_UNIT_MEASURE,VAL_PER_HAB,Values per inhabitant,DF_BASE_MESRIT
CL_UNIT_MEASURE,MINUT,Minutes,DF_BASE_MESRIT
CL_UNIT_MEASURE,YRS_AVG,Average number of years,DF_BASE_MESRIT
CL_UNIT_MEASURE,DAYS,Number of days,DF_BASE_MESRIT
CL_UNIT_MEASURE,KG_PER_INHA,Kg per inhabitant,DF_BASE_MESRIT
CL_UNIT_MEASURE,M2_PER_INHA,M2 per inhabitant,DF_BASE_MESRIT
CL_UNIT_MEASURE,MICROGRAMS_PER_M3,Microgram per m3,DF_BASE_MESRIT
CL_UNIT_MEASURE,PER_10P2_KM2,Per 100 km2,DF_BASE_MESRIT
CL_UNIT_MEASURE,PER_10P2_M2,Per 100 m2,DF_BASE_MESRIT
CL_UNIT_MEASURE,VAL_PER_INHA,Values per inhabitant,DF_BASE_MESRIT
CL_UNIT_MEASURE,DECILE_ASCEND,decile class (1= minimum,DF_BASE_MESRIT
CL_UNIT_MEASURE,PER_100_INHA,Per 100 inhabitants,DF_BASE_MESRIT
CL_UNIT_MEASURE,VENTILE_ASCEND,ventile class (1 = minimum,DF_BASE_MESRIT
CL_UNIT_MEASURE,WEEKS,Weeks,DF_BASE_MESRIT
CL_UNIT_MEASURE,YEARS,Years,DF_BASE_MESRIT
CL_UNIT_MEASURE,JOBS,Jobs,DF_BASE_MESRIT
CL_UNIT_MEASURE,SCORE,Score,DF_BASE_MESRIT
CL_UNIT_MEASURE,CASES,Cases,DF_BASE_MESRIT
CL_UNIT_MEASURE,WORKPLACES,Workplaces,DF_BASE_MESRIT
CL_UNIT_MEASURE,BINARY,Binary,DF_BASE_MESRIT
CL_UNIT_MEASURE,BIRTHS,Births,DF_BASE_MESRIT
CL_UNIT_MEASURE,PROBABILITY,Probability,DF_BASE_MESRIT
CL_UNIT_MEASURE,LITRES,Litres,DF_BASE_MESRIT
CL_UNIT_MEASURE,SQ_M,Square metres,DF_BASE_MESRIT
CL_UNIT_MEASURE,FTE,Full time equivalent,DF_BASE_MESRIT
CL_UNIT_MEASURE,NBR_HEAD,Nombre of head,DF_BASE_MESRIT
CL_INDIC_COM_EXT,TXG_R_TN,"Exports, Volume",DF_COM_EXT
CL_INDIC_COM_EXT,TXG_FOB_XDC,"Exports, Value",DF_COM_EXT
CL_INDIC_COM_EXT,TMG_R_TN,"Imports, Volume",DF_COM_EXT
CL_INDIC_COM_EXT,TMG_CIF_XDC,"Imports, Value",DF_COM_EXT
CL_INDIC_COM_EXT,TB_XDC,Trade Balance,DF_COM_EXT
CL_OBS_STATUS,E,Estimated value,DF_COM_EXT
CL_OBS_STATUS,F,Forecast value,DF_COM_EXT
CL_OBS_STATUS,P,Provisional value,DF_COM_EXT
CL_OBS_STATUS,RV,Revised estimates,DF_COM_EXT
CL_OBS_STATUS,NA,Not Available,DF_COM_EXT
CL_OBS_STATUS,A,Normal,DF_COM_EXT
CL_OBS_STATUS,B,Rupture de série,DF_COM_EXT
CL_OBS_STATUS,C,Confidentiel,DF_COM_EXT
CL_OBS_STATUS,D,Définition différente,DF_COM_EXT
CL_OBS_STATUS,G,Valeur expérimentale,DF_COM_EXT
CL_OBS_STATUS,I,Valeur imputée par une agence réceptrice,DF_COM_EXT
CL_OBS_STATUS,J,Dérogation,DF_COM_EXT
CL_OBS_STATUS,K,Données incluses dans une autre catégorie,DF_COM_EXT
CL_OBS_STATUS,M,Valeur manquante,DF_COM_EXT
CL_OBS_STATUS,N,Non significatif,DF_COM_EXT
CL_OBS_STATUS,S,Grève et autres événements exceptionnels,DF_COM_EXT
CL_OBS_STATUS,U,Fiabilité faible,DF_COM_EXT
CL_OBS_STATUS,V,Valeur non validée,DF_COM_EXT
CL_OBS_STATUS,W,Inclut des données d’une autre catégorie,DF_COM_EXT
CL_UNIT_MULT,6,Millions,DF_COM_EXT
CL_UNIT_MULT,9,Billions,DF_COM_EXT
CL_UNIT_MULT,0,Unit,DF_COM_EXT
CL_UNIT_MULT,1,Ten,DF_COM_EXT
CL_UNIT_MULT,2,Hundred,DF_COM_EXT
CL_UNIT_MULT,3,Thousand,DF_COM_EXT
CL_INDIC_COM,INDIC_COM_PM,Parc Mobile (En nombre),DF_COM_TEL
CL_INDIC_COM,INDIC_COM_PF,Parc Fixe (En nombre),DF_COM_TEL
CL_INDIC_COM,INDIC_COM_TA,Total abonnés (En nombre),DF_COM_TEL
CL_INDIC_COM,INDIC_COM_TPF,Taux de pénétration Fixe (%),DF_COM_TEL
CL_INDIC_COM,INDIC_COM_TPM,Taux de pénétration Mobile (%),DF_COM_TEL
CL_INDIC_COM,INDIC_COM_TPT,Taux de pénétration totale (%),DF_COM_TEL
CL_UNIT_MESURE,NBR,Number,DF_COM_TEL
CL_UNIT_MESURE,PER,%,DF_COM_TEL
CL_INDIC_DET_COND,INDIC_DET_COND,Number of Convicted Persons by Type of Offense,DF_DET_COND_INFRAC
CL_INFRACTION,ABU_CON,Breach of trust,DF_DET_COND_INFRAC
CL_INFRACTION,ACT_IMP,Indecent acts on minors of the same sex,DF_DET_COND_INFRAC
CL_INFRACTION,ADU_LTE,Adultery,DF_DET_COND_INFRAC
CL_INFRACTION,ASS_MAL,Criminal conspiracy,DF_DET_COND_INFRAC
CL_INFRACTION,ATT_PUD,Indecent assault,DF_DET_COND_INFRAC
CL_INFRACTION,AVO_RTE,Abortion,DF_DET_COND_INFRAC
CL_INFRACTION,BLE_INV,Unintentional injuries,DF_DET_COND_INFRAC
CL_INFRACTION,COR_RUP,Corruption,DF_DET_COND_INFRAC
CL_INFRACTION,COU_BLE,Intentional assault and battery,DF_DET_COND_INFRAC
CL_INFRACTION,DEF_ASS,Lack of insurance,DF_DET_COND_INFRAC
CL_INFRACTION,DEN_CAL,False accusation,DF_DET_COND_INFRAC
CL_INFRACTION,DET_ILL,Illegal possession of weapons,DF_DET_COND_INFRAC
CL_INFRACTION,DET_MIN,Child abduction,DF_DET_COND_INFRAC
CL_INFRACTION,DET_DEN,Misappropriation of public funds,DF_DET_COND_INFRAC
CL_INFRACTION,ESC_ROQ,Scam,DF_DET_COND_INFRAC
CL_INFRACTION,EVA_NEG,Evasion-negligence,DF_DET_COND_INFRAC
CL_INFRACTION,FAU_MON,Counterfeit money,DF_DET_COND_INFRAC
CL_INFRACTION,FAU_ECR,Forgery in writing,DF_DET_COND_INFRAC
CL_INFRACTION,HOM_INV,Manslaughter,DF_DET_COND_INFRAC
CL_INFRACTION,INC_LIE,Arson of uninhabited premises,DF_DET_COND_INFRAC
CL_INFRACTION,MUT_GEN,Female genital mutilation,DF_DET_COND_INFRAC
CL_INFRACTION,OUT_RAG,Outrages,DF_DET_COND_INFRAC
CL_INFRACTION,PRO_EXC,Pimping and incitement to debauchery,DF_DET_COND_INFRAC
CL_INFRACTION,REB_ELL,Rebellion,DF_DET_COND_INFRAC
CL_INFRACTION,REC_CEL,Receiving stolen goods,DF_DET_COND_INFRAC
CL_INFRACTION,STU_PEF,Amazing,DF_DET_COND_INFRAC
CL_INFRACTION,VIO_VOI,Violence or assault,DF_DET_COND_INFRAC
CL_INFRACTION,VOL_VOL,Flight,DF_DET_COND_INFRAC
CL_INFRACTION,AUT_RES,Others,DF_DET_COND_INFRAC
CL_INFRACTION,ABA_FAM,Abandonment of family or home,DF_DET_COND_INFRAC
CL_INFRACTION,DOM_ANI,Animal harm,DF_DET_COND_INFRAC
CL_INFRACTION,ENL_ENF,Child abduction,DF_DET_COND_INFRAC
CL_INFRACTION,HAR_SEX,Sexual harassment,DF_DET_COND_INFRAC
CL_INFRACTION,INC_INV,Accidental fire,DF_DET_COND_INFRAC
CL_INFRACTION,INC_VOLT,Arson of uninhabited premises,DF_DET_COND_INFRAC
CL_INFRACTION,IVR_PUB,Public drunkenness,DF_DET_COND_INFRAC
CL_INFRACTION,MAR_HOR,Marriage contracted outside the case provided for by law or custom,DF_DET_COND_INFRAC
CL_INFRACTION,MEN,Threat,DF_DET_COND_INFRAC
CL_INFRACTION,REC_MAL,Harboring criminals,DF_DET_COND_INFRAC
CL_INFRACTION,RES_EXE,Resistance to the execution of a court decision,DF_DET_COND_INFRAC
CL_INFRACTION,USU_TIT,Usurpation of title or function,DF_DET_COND_INFRAC
CL_INFRACTION,VIO_DOM,Breaking and entering,DF_DET_COND_INFRAC
CL_INFRACTION,TOT,Total,DF_DET_COND_INFRAC
CL_JURIDICTION,TGI,High Court,DF_DET_COND_INFRAC
CL_JURIDICTION,TI,District Court,DF_DET_COND_INFRAC
CL_EDUC_LEVEL,P,Primary,DF_EDU_NBELEV
CL_EDUC_TYPE,_T,Total,DF_EDU_NBELEV
CL_EDUC_TYPE,PUB,Public,DF_EDU_NBELEV
CL_EDUC_TYPE,PRI,Private,DF_EDU_NBELEV
CL_EDUC_TYPE,COM,Community,DF_EDU_NBELEV
CL_INDIC_EDUC_DEP,INDIC_EDU_NBETAB,Number of establishments,DF_EDU_NBELEV
CL_INDIC_EDUC_DEP,INDIC_EDU_NBSC,Number of Classrooms,DF_EDU_NBELEV
CL_INDIC_EDUC_DEP,INDIC_EDU_NBENS,Number of teachers,DF_EDU_NBELEV
CL_INDIC_EDUC_DEP,INDIC_EDU_NBELEV,Number of students,DF_EDU_NBELEV
CL_INDIC_EDUC_DEP,INDIC_EDU_NBELEV_SC,Number of students per class,DF_EDU_NBELEV
CL_INDIC_EDUC_DEP,INDIC_EDU_NBELEV_ENS,Number of students per teacher,DF_EDU_NBELEV
CL_IND_ENV_FB,IND_ENV_SUP_FB,Areas affected by bushfires,DF_ENV_LONG_BF
CL_IND_ENV_FB,IND_ENV_NBR_FB,Number of recorded bushfire cases,DF_ENV_LONG_BF
CL_IND_ENV_FB,IND_ENV_LONG_BF,Firewall strip length achieved,DF_ENV_LONG_BF
CL_IND_ENV_MOB_RES_FIN,IND_ENV_REC_FOR,Forestry recipes,DF_ENV_REC_FAU
CL_IND_ENV_MOB_RES_FIN,IND_ENV_REC_PIS,Fish  recipes,DF_ENV_REC_FAU
CL_IND_ENV_MOB_RES_FIN,IND_ENV_REC_FAU,Wildlife Recipes,DF_ENV_REC_FAU
CL_BASE_PER,2023,2023 = 100,DF_IHPC_2023
CL_PRODUCT,P_IX,OVERALL INDEX,DF_IHPC_2023
CL_PRODUCT,P_1_IX,Food products and non-alcoholic beverages,DF_IHPC_2023
CL_PRODUCT,P_2_IX,"Alcoholic beverages, tobacco and narcotics",DF_IHPC_2023
CL_PRODUCT,P_3_IX,Clothing and shoes,DF_IHPC_2023
CL_PRODUCT,P_4_IX,"Housing, water, electricity, gas and other fuels",DF_IHPC_2023
CL_PRODUCT,P_5_IX,"Furniture, household equipment and routine household maintenance",DF_IHPC_2023
CL_PRODUCT,P_6_IX,Health,DF_IHPC_2023
CL_PRODUCT,P_7_IX,Transportation,DF_IHPC_2023
CL_PRODUCT,P_8_IX,Information and communication,DF_IHPC_2023
CL_PRODUCT,P_9_IX,"Leisure, sport and culture",DF_IHPC_2023
CL_PRODUCT,P_10_IX,Educational services,DF_IHPC_2023
CL_PRODUCT,P_11_IX,Restaurants and accommodation services,DF_IHPC_2023
CL_PRODUCT,P_12_IX,Insurance and financial services,DF_IHPC_2023
CL_PRODUCT,P_13_IX,"Personal care, social protection and miscellaneous goods",DF_IHPC_2023
CL_KEYS_INDIC,CP_EFF_POP_T,Population Size (Total),DF_MOBILE_KEYS_INDIC
CL_KEYS_INDIC,CP_EFF_POP_F,Population Size (Female),DF_MOBILE_KEYS_INDIC
CL_KEYS_INDIC,CP_EFF_POP_H,Population Size (Male),DF_MOBILE_KEYS_INDIC
CL_KEYS_INDIC,CP_ESP_VIE,Life expectancy at birth,DF_MOBILE_KEYS_INDIC
CL_KEYS_INDIC,CP_TAUX_MORT,Mortality rate,DF_MOBILE_KEYS_INDIC
CL_KEYS_INDIC,CP_TAUX_MORT_INF,Infant mortality rate (‰),DF_MOBILE_KEYS_INDIC
CL_KEYS_INDIC,CP_TAUX_MORT_NEO,Neonatal mortality rate (‰),DF_MOBILE_KEYS_INDIC
CL_KEYS_INDIC,CP_TAUX_MORT_JUV,Child mortality rate (‰),DF_MOBILE_KEYS_INDIC
CL_KEYS_INDIC,CP_TAUX_MORT_INF_JUV,Infant and child mortality rate (‰),DF_MOBILE_KEYS_INDIC
CL_KEYS_INDIC,CP_TAUX_MORT_MAT,Maternal mortality rate,DF_MOBILE_KEYS_INDIC
CL_KEYS_INDIC,CP_ISF,Total fertility rate,DF_MOBILE_KEYS_INDIC
CL_KEYS_INDIC,CP_TAUX_NAT,Birth rate,DF_MOBILE_KEYS_INDIC
CL_TOPIC,STAT_DEMO,Demographic Statistics,DF_MOBILE_KEYS_INDIC
CL_TOPIC,STAT_SOC,Social Statistics,DF_MOBILE_KEYS_INDIC
CL_TOPIC,STAT_ECO,Economic Statistics,DF_MOBILE_KEYS_INDIC
CL_INDIC_PAUVRETE,INC_PAUV,Incidence of poverty,DF_PAUVRETE
CL_INDIC_PAUVRETE,PROF_PAUV,Depth of poverty,DF_PAUVRETE
CL_INDIC_PAUVRETE,SEV_PAUV,Severity of poverty,DF_PAUVRETE
CL_PAUVRETE_GROUPE_SOCIOECO,ENS,Total,DF_PAUVRETE
CL_PAUVRETE_GROUPE_SOCIOECO,SAL_PUB,Public sector employee,DF_PAUVRETE
CL_PAUVRETE_GROUPE_SOCIOECO,SAL_PRIV,Private sector employee,DF_PAUVRETE
CL_PAUVRETE_GROUPE_SOCIOECO,IND_AGRI,Self-employed farmer,DF_PAUVRETE
CL_PAUVRETE_GROUPE_SOCIOECO,IND_NON_AGRI,Self-employed non-farm worker,DF_PAUVRETE
CL_PAUVRETE_GROUPE_SOCIOECO,SANS_EMP,Unemployed,DF_PAUVRETE
CL_PAUVRETE_GROUPE_SOCIOECO,TAIL_MEN,Household size,DF_PAUVRETE
CL_PAUVRETE_GROUPE_SOCIOECO,UNE_PERS,One person,DF_PAUVRETE
CL_PAUVRETE_GROUPE_SOCIOECO,DEUX_PERS,Two people,DF_PAUVRETE
CL_PAUVRETE_GROUPE_SOCIOECO,TROIS_CINQ_PERS,Three to five people,DF_PAUVRETE
CL_PAUVRETE_GROUPE_SOCIOECO,SIX_NEUF_PERS,Six to nine people,DF_PAUVRETE
CL_PAUVRETE_GROUPE_SOCIOECO,DIX_QUATORZ_PERS,Ten to fourteen people,DF_PAUVRETE
CL_PAUVRETE_GROUPE_SOCIOECO,QUINZ_PERS,Fifteen and over,DF_PAUVRETE
CL_PAUVRETE_GROUPE_SOCIOECO,GENR_CHEF_MEN,Gender of head of household,DF_PAUVRETE
CL_PAUVRETE_GROUPE_SOCIOECO,MAS,Male,DF_PAUVRETE
CL_PAUVRETE_GROUPE_SOCIOECO,FEM,Female,DF_PAUVRETE
CL_PAUVRETE_GROUPE_SOCIOECO,AGE_CHEF_MEN,Age of head of household,DF_PAUVRETE
CL_PAUVRETE_GROUPE_SOCIOECO,Y25T34,25-34,DF_PAUVRETE
CL_PAUVRETE_GROUPE_SOCIOECO,Y35T44,35-44,DF_PAUVRETE
CL_PAUVRETE_GROUPE_SOCIOECO,Y45T54,45-54,DF_PAUVRETE
CL_PAUVRETE_GROUPE_SOCIOECO,Y55T64,55-64,DF_PAUVRETE
CL_PAUVRETE_GROUPE_SOCIOECO,Y_GE65,65 and over,DF_PAUVRETE
CL_PAUVRETE_GROUPE_SOCIOECO,EDUC_CHEF_MEN,Education of head of household,DF_PAUVRETE
CL_PAUVRETE_GROUPE_SOCIOECO,SANS_INST,No formal education,DF_PAUVRETE
CL_PAUVRETE_GROUPE_SOCIOECO,PRIM,Primary,DF_PAUVRETE
CL_PAUVRETE_GROUPE_SOCIOECO,SEC1,Secondary 1,DF_PAUVRETE
CL_PAUVRETE_GROUPE_SOCIOECO,SEC2P,Secondary 2+,DF_PAUVRETE
CL_PAUVRETE_GROUPE_SOCIOECO,TOTAL,Total,DF_PAUVRETE
CL_PAUVRETE_GROUPE_SOCIOECO,BRANCH_CHEF,Head of household sector,DF_PAUVRETE
CL_PAUVRETE_GROUPE_SOCIOECO,AGRI,Agriculture,DF_PAUVRETE
CL_PAUVRETE_GROUPE_SOCIOECO,ELEV_SYLV_PECH,Livestock/Forestry/Fishing,DF_PAUVRETE
CL_PAUVRETE_GROUPE_SOCIOECO,INDUS,Industry,DF_PAUVRETE
CL_PAUVRETE_GROUPE_SOCIOECO,COM_VENT,Trade/Sales,DF_PAUVRETE
CL_PAUVRETE_GROUPE_SOCIOECO,SERV,Services,DF_PAUVRETE
CL_PAUVRETE_GROUPE_SOCIOECO,CSP_CHEF,Head of household socio-professional category,DF_PAUVRETE
CL_PAUVRETE_GROUPE_SOCIOECO,CADRE,Manager,DF_PAUVRETE
CL_PAUVRETE_GROUPE_SOCIOECO,AUT_SAL,Other employees,DF_PAUVRETE
CL_PAUVRETE_GROUPE_SOCIOECO,PATRON,Employer,DF_PAUVRETE
CL_PAUVRETE_GROUPE_SOCIOECO,TRAV_CP,Worker for CP,DF_PAUVRETE
CL_PAUVRETE_GROUPE_SOCIOECO,AUT_DEP,Other dependents,DF_PAUVRETE
CL_PAUVRETE_GROUPE_SOCIOECO,SECT_INST_CHEF,Head of household institutional sector,DF_PAUVRETE
CL_PAUVRETE_GROUPE_SOCIOECO,SEC_PUB,Public sector,DF_PAUVRETE
CL_PAUVRETE_GROUPE_SOCIOECO,GRD_ENT,Large company,DF_PAUVRETE
CL_PAUVRETE_GROUPE_SOCIOECO,ENT_IND,Company individual,DF_PAUVRETE
CL_PAUVRETE_GROUPE_SOCIOECO,MENAGE,Household,DF_PAUVRETE
CL_RESIDENCE,U,Urban,DF_PAUVRETE
CL_RESIDENCE,R,Rural,DF_PAUVRETE
CL_RESIDENCE,_T,Total,DF_PAUVRETE
CL_RESIDENCE,_Z,Not applicable,DF_PAUVRETE
CL_AGE,M0T23,De 0 à 23 mois,DF_POP_NE
CL_AGE,M24T59,De 24 à 59 mois,DF_POP_NE
CL_AGE,M0T59,De 0 à 59 mois,DF_POP_NE
CL_AGE,M6T59,De 6 à 59 mois,DF_POP_NE
CL_AGE,Y10T19,De 10 à 19 ans,DF_POP_NE
CL_AGE,Y15T49,De 15 à 49 ans,DF_POP_NE
CL_AGE,_Z,Non applicable,DF_POP_NE
CL_AGE,Y0,0 ans,DF_POP_NE
CL_AGE,Y0T4,0 à 4 ans,DF_POP_NE
CL_AGE,Y5T9,5 à 9 ans,DF_POP_NE
CL_AGE,Y10T14,10 à14 ans,DF_POP_NE
CL_AGE,Y15T19,15 à 19 ans,DF_POP_NE
CL_AGE,Y20T24,20 à 24 ans,DF_POP_NE
CL_AGE,Y25T29,25 à 29 ans,DF_POP_NE
CL_AGE,Y30T34,30 à 34 ans,DF_POP_NE
CL_AGE,Y35T39,35 à 39 ans,DF_POP_NE
CL_AGE,Y40T44,40 à 44 ans,DF_POP_NE
CL_AGE,Y45T49,45 à 49 ans,DF_POP_NE
CL_AGE,Y50T54,50 à 54 ans,DF_POP_NE
CL_AGE,Y55T59,55 à 59 ans,DF_POP_NE
CL_AGE,Y60T64,60 à 64 ans,DF_POP_NE
CL_AGE,Y65T69,65 à 69 ans,DF_POP_NE
CL_AGE,Y70T74,70 à 74 ans,DF_POP_NE
CL_AGE,Y75T79,75 à 79 ans,DF_POP_NE
CL_AGE,Y_GE80,80 ou +,DF_POP_NE
CL_AGE,ND,nd,DF_POP_NE
CL_AGE,ENS,Ensemble,DF_POP_NE
CL_AGE,M0T11M,0 à 11 Mois,DF_POP_NE
CL_AGE,Y1T4,1 à 4 ans,DF_POP_NE
CL_AGE,Y15T24,15 à 24 ans,DF_POP_NE
CL_AGE,Y25T34,25 à 34 ans,DF_POP_NE
CL_AGE,Y35T44,35 à 44 ans,DF_POP_NE
CL_AGE,Y45T54,45 à 54 ans,DF_POP_NE
CL_AGE,Y55T64,55 à 64 ans,DF_POP_NE
CL_AGE,Y_GE65,65 ans et plus,DF_POP_NE
CL_AGE,Y18T35,18 à 35 ans,DF_POP_NE
CL_AGE,Y36T50,36 à 50 ans,DF_POP_NE
CL_AGE,Y_GE50,50 ans ou +,DF_POP_NE
CL_AGE,Y_GE30,30 ans et plus,DF_POP_NE
CL_AGE,LT20,Moins de 20 ans,DF_POP_NE
CL_AGE,Y16T34,16-34 ans,DF_POP_NE
CL_AGE,Y35T64,35-64 ans,DF_POP_NE
CL_AGE,Y00T05,5 ans ou moins,DF_POP_NE
CL_AGE,Y06T14,6-14 ans,DF_POP_NE
CL_AGE,Y25T39,25-39 ans,DF_POP_NE
CL_AGE,Y40T59,40-59 ans,DF_POP_NE
CL_AGE,Y_GE60,60 ans et plus,DF_POP_NE
CL_AGE,3AGE,3e Age,DF_POP_NE
CL_AGE,4AGE,4e Age,DF_POP_NE
CL_AGE,Y0T5,0-5,DF_POP_NE
CL_AGE,Y_GE85,85 & +,DF_POP_NE
CL_INDIC_POP_NE,POP_NE,Répartition de la population,DF_POP_NE
CL_INDIC_MINE,INDIC_PUVOL,Uranium Production (by volume),DF_PRO_UOC
CL_INDIC_MINE,INDIC_PUVAL,Uranium Production (by value),DF_PRO_UOC
CL_INDIC_MINE,INDIC_EXPUVOL,Uranium Exports (by tonnage),DF_PRO_UOC
CL_INDIC_MINE,INDIC_EXPUVAL,Uranium Exports (by value),DF_PRO_UOC
CL_INDIC_MINE,INDIC_PMEU,Average Uranium Export Price (in FCFA/kg),DF_PRO_UOC
CL_INDIC_MINE,INDIC_PC,Limestone Production,DF_PRO_UOC
CL_INDIC_MINE,INDIC_PE,Tin Production,DF_PRO_UOC
CL_INDIC_MINE,INDIC_PG,Gypsum Production,DF_PRO_UOC
CL_INDIC_MINE,INDIC_PO,Gold Production,DF_PRO_UOC
CL_INDIC_MINE,INDIC_POO,Gold Production from Artisanal Gold Panning,DF_PRO_UOC
CL_INDIC_MINE,INDIC_POI,Industrial/SML Gold Production,DF_PRO_UOC
CL_INDIC_MINE,INDIC_PBC,Gross Coal Production,DF_PRO_UOC
CL_INDIC_MINE,INDIC_CCCT,Coal Consumption by Thermal Power Plants,DF_PRO_UOC
CL_INDIC_MINE,INDIC_CLUC,Coal Delivered to Carbonization Units,DF_PRO_UOC
CL_INDIC_SAN,INDIC_SAN_MN,Stillborn,DF_SAN_ACC
CL_INDIC_SAN,INDIC_SAN_NV,Live births,DF_SAN_ACC
CL_INDIC_SAN,INDIC_SAN_ACC,Number of births,DF_SAN_ACC
CL_INDIC_SAN,INDIC_SAN_DEC_MER,Number of maternal deaths,DF_SAN_ACC
CL_INDIC_SAN,INDIC_SAN_DEC_ENF,Number of child deaths,DF_SAN_ACC
CL_INDIC_SAN,INDIC_SAN_ADM_MAT,Admissions to maternity wards,DF_SAN_ACC
CL_INDIC_SAN,INDIC_SAN_LIT_HOP,Number of beds in district hospitals,DF_SAN_ACC
CL_INDIC_SAN,INDIC_SAN_HBT_LIT,Number of inhabitants per bed,DF_SAN_ACC
CL_INDIC_SAN,INDIC_SAN_POP,Population,DF_SAN_ACC
CL_INDIC_SAN,INDIC_SAN_CPN,Prenatal consultations,DF_SAN_ACC
CL_INDIC_SAN,INDIC_SAN_CPN_NI,New members,DF_SAN_ACC
CL_INDIC_SAN,INDIC_SAN_CPN_GA,Expected pregnancies*,DF_SAN_ACC
CL_INDIC_SAN,INDIC_SAN_CPN_CCPN,CPN Coverage (%),DF_SAN_ACC
CL_INDIC_SAN,INDIC_SAN_CN,Infant checkups,DF_SAN_ACC
CL_INDIC_SAN,INDIC_SAN_CN_IY0,Registered for less than one year,DF_SAN_ACC
CL_INDIC_SAN,INDIC_SAN_CN_NP,Number of weighings,DF_SAN_ACC
CL_INDIC_SAN,INDIC_SAN_CN_EY0,Number of children 0-11 months,DF_SAN_ACC
CL_INDIC_SAN,INDIC_SAN_CN_C,Blanket (%),DF_SAN_ACC
CL_INDIC_ELEV,EFF_CHEP,Livestock numbers,ELEV_ABAT_CONT
CL_INDIC_ELEV,NBR_ABAT_CONT,Nombre d’abattages contrôlés,ELEV_ABAT_CONT
CL_INDIC_ELEV,QTE_CUIRS_PEAUX_COND,Quantité de cuirs et peaux conditionnés,ELEV_ABAT_CONT
CL_TYPE_BETAIL,BOV,Cattle,ELEV_ABAT_CONT
CL_TYPE_BETAIL,OVI,Sheep,ELEV_ABAT_CONT
CL_TYPE_BETAIL,CAP,Goats,ELEV_ABAT_CONT
CL_TYPE_BETAIL,CAM,Camels,ELEV_ABAT_CONT
CL_TYPE_BETAIL,CUI,Leather,ELEV_ABAT_CONT
CL_TYPE_BETAIL,MOU,Sheep,ELEV_ABAT_CONT
CL_TYPE_BETAIL,CHE,Goats,ELEV_ABAT_CONT
CL_TYPE_BETAIL,EQU,Equines,ELEV_ABAT_CONT
CL_TYPE_BETAIL,ASI,Donkeys,ELEV_ABAT_CONT
