FREQ,REF_AREA,SPECULATION,TYPE_CULTURE,INDIC_AGRI,TIME_PERIOD,OBS_VALUE
A,AFNER,ARA,CUL_IND,PROD,1990,17.599999999999998
A,AFNER,ARA,CUL_IND,PROD,1991,45.9
A,AFNER,ARA,CUL_IND,PROD,1992,57.1
A,AFNER,ARA,CUL_IND,PROD,1993,25.5
A,AFNER,ARA,CUL_IND,PROD,1994,67.4
A,AFNER,ARA,CUL_IND,PROD,1995,111.0
A,AFNER,ARA,CUL_IND,PROD,1996,196.23
A,AFNER,ARA,CUL_IND,PROD,1997,88.49999999999999
A,AFNER,ARA,CUL_IND,PROD,1998,112.136
A,AFNER,ARA,CUL_IND,PROD,1999,103.76
A,AFNER,ARA,CUL_IND,PROD,2000,113.216
A,AFNER,ARA,CUL_IND,PROD,2001,82.00601855416382
A,AFNER,ARA,CUL_IND,PROD,2002,149.567575
A,AFNER,ARA,CUL_IND,PROD,2003,385.649578
A,AFNER,ARA,CUL_IND,PROD,2004,159.079
A,AFNER,ARA,CUL_IND,PROD,2005,139.1
A,AFNER,ARA,CUL_IND,PROD,2006,135.888
A,AFNER,ARA,CUL_IND,PROD,2007,147.676
A,AFNER,ARA,CUL_IND,PROD,2008,304.969
A,AFNER,ARA,CUL_IND,PROD,2009,253.496
A,AFNER,ARA,CUL_IND,PROD,2010,406246.0
A,AFNER,ARA,CUL_IND,PROD,2011,395657.0
A,AFNER,ARA,CUL_IND,PROD,2012,291763.0
A,AFNER,ARA,CUL_IND,PROD,2013,342743.0
A,AFNER,ARA,CUL_IND,PROD,2014,403365.0
A,AFNER,ARA,CUL_IND,PROD,2015,427030.0
A,AFNER,ARA,CUL_IND,PROD,2016,453228.0
A,AFNER,ARA,CUL_IND,PROD,2017,461841.0
A,AFNER,ARA,CUL_IND,PROD,2018,593754.0
A,AFNER,ARA,CUL_IND,PROD,2019,543488.0
A,AFNER,ARA,CUL_IND,PROD,2020,593669.0
A,AFNER,ARA,CUL_IND,PROD,2021,518784.0
A,AFNER,ARA,CUL_IND,PROD,2022,670613.0
A,AFNER,ARA,CUL_IND,PROD,2023,558453.0
A,AFNER,ARA,CUL_IND,PROD,2024,672755.8310841001
A,AFNER,CER,CUL_VIV,PROD,1996,2260.363
A,AFNER,CER,CUL_VIV,PROD,1997,1719.2389999999998
A,AFNER,CER,CUL_VIV,PROD,1998,2960.128
A,AFNER,CER,CUL_VIV,PROD,1999,2850.504
A,AFNER,CER,CUL_VIV,PROD,2000,2117.3210000000004
A,AFNER,CER,CUL_VIV,PROD,2001,3096.206693655531
A,AFNER,CER,CUL_VIV,PROD,2002,3225.09131327
A,AFNER,CER,CUL_VIV,PROD,2003,3511.543816520454
A,AFNER,CER,CUL_VIV,PROD,2004,2659.954
A,AFNER,CER,CUL_VIV,PROD,2005,3602.4610000000007
A,AFNER,CER,CUL_VIV,PROD,2006,3959.5255
A,AFNER,CER,CUL_VIV,PROD,2007,3784.768
A,AFNER,CER,CUL_VIV,PROD,2008,4793.295
A,AFNER,CER,CUL_VIV,PROD,2009,3441.24
A,AFNER,CER,CUL_VIV,PROD,2010,5192994.0
A,AFNER,CER,CUL_VIV,PROD,2011,3554795.0
A,AFNER,CER,CUL_VIV,PROD,2012,5257627.0
A,AFNER,CER,CUL_VIV,PROD,2013,4052462.6092943
A,AFNER,CER,CUL_VIV,PROD,2014,4267283.0
A,AFNER,CER,CUL_VIV,PROD,2015,5343605.0
A,AFNER,CER,CUL_VIV,PROD,2016,5718800.0
A,AFNER,CER,CUL_VIV,PROD,2017,5760070.628196499
A,AFNER,CER,CUL_VIV,PROD,2018,5992977.0
A,AFNER,CER,CUL_VIV,PROD,2019,5204984.0
A,AFNER,CER,CUL_VIV,PROD,2020,5681239.0
A,AFNER,CER,CUL_VIV,PROD,2021,3386036.0
A,AFNER,CER,CUL_VIV,PROD,2022,5823834.0
A,AFNER,CER,CUL_VIV,PROD,2023,4920844.0
A,AFNER,CER,CUL_VIV,PROD,2024,5831773.3332591
A,AFNER,ENS,CUL_VIV,PROD,1996,2717.2
A,AFNER,ENS,CUL_VIV,PROD,1997,2077.756
A,AFNER,ENS,CUL_VIV,PROD,1998,3887.644
A,AFNER,ENS,CUL_VIV,PROD,1999,3513.376
A,AFNER,ENS,CUL_VIV,PROD,2000,2521.0060000000003
A,AFNER,ENS,CUL_VIV,PROD,2001,3718.6840076978096
A,AFNER,ENS,CUL_VIV,PROD,2002,4019.846648270001
A,AFNER,ENS,CUL_VIV,PROD,2003,4232.536080520455
A,AFNER,ENS,CUL_VIV,PROD,2004,3160.191
A,AFNER,ENS,CUL_VIV,PROD,2005,4368.087
A,AFNER,ENS,CUL_VIV,PROD,2006,4892.6585000000005
A,AFNER,ENS,CUL_VIV,PROD,2007,5066.652
A,AFNER,ENS,CUL_VIV,PROD,2008,6548.392
A,AFNER,ENS,CUL_VIV,PROD,2009,4258.894
A,AFNER,ENS,CUL_VIV,PROD,2010,7193738.0
A,AFNER,ENS,CUL_VIV,PROD,2011,5326152.0
A,AFNER,ENS,CUL_VIV,PROD,2012,7502345.0
A,AFNER,ENS,CUL_VIV,PROD,2013,6757341.881989105
A,AFNER,ENS,CUL_VIV,PROD,2014,7167155.0
A,AFNER,ENS,CUL_VIV,PROD,2015,7851298.5
A,AFNER,ENS,CUL_VIV,PROD,2016,8150463.0
A,AFNER,ENS,CUL_VIV,PROD,2017,8417840.897489952
A,AFNER,ENS,CUL_VIV,PROD,2018,9178384.55
A,AFNER,ENS,CUL_VIV,PROD,2019,8606011.56
A,AFNER,ENS,CUL_VIV,PROD,2020,9594250.69
A,AFNER,ENS,CUL_VIV,PROD,2021,6484217.38
A,AFNER,ENS,CUL_VIV,PROD,2022,8905648.0
A,AFNER,ENS,CUL_VIV,PROD,2023,7388820.0
A,AFNER,ENS,CUL_VIV,PROD,2024,9667787.8777639
A,AFNER,FON,CUL_VIV,PROD,1990,0.6
A,AFNER,FON,CUL_VIV,PROD,1991,0.6
A,AFNER,FON,CUL_VIV,PROD,1992,0.5
A,AFNER,FON,CUL_VIV,PROD,1993,
A,AFNER,FON,CUL_VIV,PROD,1994,
A,AFNER,FON,CUL_VIV,PROD,1995,
A,AFNER,FON,CUL_VIV,PROD,1996,1.2
A,AFNER,FON,CUL_VIV,PROD,1997,0.899
A,AFNER,FON,CUL_VIV,PROD,1998,2.428
A,AFNER,FON,CUL_VIV,PROD,1999,0.904
A,AFNER,FON,CUL_VIV,PROD,2000,0.621
A,AFNER,FON,CUL_VIV,PROD,2001,1.33097287855955
A,AFNER,FON,CUL_VIV,PROD,2002,1.546971
A,AFNER,FON,CUL_VIV,PROD,2003,1.435894
A,AFNER,FON,CUL_VIV,PROD,2004,0.365
A,AFNER,FON,CUL_VIV,PROD,2005,0.059
A,AFNER,FON,CUL_VIV,PROD,2006,0.0715
A,AFNER,FON,CUL_VIV,PROD,2007,1.837
A,AFNER,FON,CUL_VIV,PROD,2008,4.874
A,AFNER,FON,CUL_VIV,PROD,2009,3.218
A,AFNER,FON,CUL_VIV,PROD,2010,5467.0
A,AFNER,FON,CUL_VIV,PROD,2011,4960.0
A,AFNER,FON,CUL_VIV,PROD,2012,5933.0
A,AFNER,FON,CUL_VIV,PROD,2013,4552.732
A,AFNER,FON,CUL_VIV,PROD,2014,4553.0
A,AFNER,FON,CUL_VIV,PROD,2015,5807.0
A,AFNER,FON,CUL_VIV,PROD,2016,6100.0
A,AFNER,FON,CUL_VIV,PROD,2017,6207.0
A,AFNER,FON,CUL_VIV,PROD,2018,6400.0
A,AFNER,FON,CUL_VIV,PROD,2019,6046.0
A,AFNER,FON,CUL_VIV,PROD,2020,5673.0
A,AFNER,FON,CUL_VIV,PROD,2021,4015.0
A,AFNER,FON,CUL_VIV,PROD,2022,6050.0
A,AFNER,FON,CUL_VIV,PROD,2023,5677.0
A,AFNER,FON,CUL_VIV,PROD,2024,4896.273094
A,AFNER,GOM,CUL_MAR,PROD,1990,7.0
A,AFNER,GOM,CUL_MAR,PROD,1991,7.6
A,AFNER,GOM,CUL_MAR,PROD,1992,5.0
A,AFNER,GOM,CUL_MAR,PROD,1993,
A,AFNER,GOM,CUL_MAR,PROD,1994,
A,AFNER,GOM,CUL_MAR,PROD,1995,
A,AFNER,GOM,CUL_MAR,PROD,1996,25.275
A,AFNER,GOM,CUL_MAR,PROD,1997,19.276
A,AFNER,GOM,CUL_MAR,PROD,1998,17.889
A,AFNER,GOM,CUL_MAR,PROD,1999,22.453
A,AFNER,GOM,CUL_MAR,PROD,2000,38.861
A,AFNER,GOM,CUL_MAR,PROD,2001,0.378006107803109
A,AFNER,GOM,CUL_MAR,PROD,2002,0.154086
A,AFNER,GOM,CUL_MAR,PROD,2003,0.283315
A,AFNER,GOM,CUL_MAR,PROD,2004,
A,AFNER,GOM,CUL_MAR,PROD,2005,7.02
A,AFNER,GOM,CUL_MAR,PROD,2006,47.29
A,AFNER,GOM,CUL_MAR,PROD,2007,3.156
A,AFNER,GOM,CUL_MAR,PROD,2008,41.115
A,AFNER,GOM,CUL_MAR,PROD,2009,17.623
A,AFNER,GOM,CUL_MAR,PROD,2010,45383.0
A,AFNER,GOM,CUL_MAR,PROD,2011,20341.0
A,AFNER,GOM,CUL_MAR,PROD,2012,28280.0
A,AFNER,GOM,CUL_MAR,PROD,2013,44312.5
A,AFNER,GOM,CUL_MAR,PROD,2014,32595.0
A,AFNER,GOM,CUL_MAR,PROD,2015,161706.01047072758
A,AFNER,GOM,CUL_MAR,PROD,2016,155078.5172228774
A,AFNER,GOM,CUL_MAR,PROD,2017,21538.98
A,AFNER,GOM,CUL_MAR,PROD,2018,22088.35
A,AFNER,GOM,CUL_MAR,PROD,2019,157296.0
A,AFNER,GOM,CUL_MAR,PROD,2020,53264.606100000005
A,AFNER,GOM,CUL_MAR,PROD,2021,53735.559315853
A,AFNER,GOM,CUL_MAR,PROD,2022,55536.15
A,AFNER,GOM,CUL_MAR,PROD,2023,52166.804
A,AFNER,GOM,CUL_MAR,PROD,2024,42919.0
A,AFNER,LEG,CUL_VIV,PROD,1996,321.626
A,AFNER,LEG,CUL_VIV,PROD,1997,198.898
A,AFNER,LEG,CUL_VIV,PROD,1998,794.57
A,AFNER,LEG,CUL_VIV,PROD,1999,448.257
A,AFNER,LEG,CUL_VIV,PROD,2000,268.743
A,AFNER,LEG,CUL_VIV,PROD,2001,515.2083140422783
A,AFNER,LEG,CUL_VIV,PROD,2002,628.2553350000001
A,AFNER,LEG,CUL_VIV,PROD,2003,554.492264
A,AFNER,LEG,CUL_VIV,PROD,2004,349.25800000000004
A,AFNER,LEG,CUL_VIV,PROD,2005,596.077
A,AFNER,LEG,CUL_VIV,PROD,2006,703.254
A,AFNER,LEG,CUL_VIV,PROD,2007,1013.307
A,AFNER,LEG,CUL_VIV,PROD,2008,1564.256
A,AFNER,LEG,CUL_VIV,PROD,2009,817.654
A,AFNER,LEG,CUL_VIV,PROD,2010,1800895.0
A,AFNER,LEG,CUL_VIV,PROD,2011,1590926.0
A,AFNER,LEG,CUL_VIV,PROD,2012,2000438.0
A,AFNER,LEG,CUL_VIV,PROD,2013,2402713.1726948046
A,AFNER,LEG,CUL_VIV,PROD,2014,2605722.0
A,AFNER,LEG,CUL_VIV,PROD,2015,2229929.5
A,AFNER,LEG,CUL_VIV,PROD,2016,2014900.0
A,AFNER,LEG,CUL_VIV,PROD,2017,2093689.9968256
A,AFNER,LEG,CUL_VIV,PROD,2018,2518219.0
A,AFNER,LEG,CUL_VIV,PROD,2019,2515794.0
A,AFNER,LEG,CUL_VIV,PROD,2020,2783507.0
A,AFNER,LEG,CUL_VIV,PROD,2021,1803738.0
A,AFNER,LEG,CUL_VIV,PROD,2022,3087864.0
A,AFNER,LEG,CUL_VIV,PROD,2023,2310600.0
A,AFNER,LEG,CUL_VIV,PROD,2024,2935666.5863442007
A,AFNER,MAI,CUL_VIV,PROD,1990,1.8
A,AFNER,MAI,CUL_VIV,PROD,1991,1.8000000000000005
A,AFNER,MAI,CUL_VIV,PROD,1992,1.0
A,AFNER,MAI,CUL_VIV,PROD,1993,0.1
A,AFNER,MAI,CUL_VIV,PROD,1994,1.8000000000000005
A,AFNER,MAI,CUL_VIV,PROD,1995,1.3
A,AFNER,MAI,CUL_VIV,PROD,1996,3.625
A,AFNER,MAI,CUL_VIV,PROD,1997,3.0
A,AFNER,MAI,CUL_VIV,PROD,1998,5.7
A,AFNER,MAI,CUL_VIV,PROD,1999,15.292
A,AFNER,MAI,CUL_VIV,PROD,2000,3.772
A,AFNER,MAI,CUL_VIV,PROD,2001,2.314534970404708
A,AFNER,MAI,CUL_VIV,PROD,2002,1.5226989999999998
A,AFNER,MAI,CUL_VIV,PROD,2003,2.215872
A,AFNER,MAI,CUL_VIV,PROD,2004,3.97
A,AFNER,MAI,CUL_VIV,PROD,2005,3.39
A,AFNER,MAI,CUL_VIV,PROD,2006,2.408
A,AFNER,MAI,CUL_VIV,PROD,2007,19.326
A,AFNER,MAI,CUL_VIV,PROD,2008,8.505
A,AFNER,MAI,CUL_VIV,PROD,2009,1.388
A,AFNER,MAI,CUL_VIV,PROD,2010,9381.0
A,AFNER,MAI,CUL_VIV,PROD,2011,6365.0
A,AFNER,MAI,CUL_VIV,PROD,2012,8412.0
A,AFNER,MAI,CUL_VIV,PROD,2013,7071.0
A,AFNER,MAI,CUL_VIV,PROD,2014,8635.0
A,AFNER,MAI,CUL_VIV,PROD,2015,5669.0
A,AFNER,MAI,CUL_VIV,PROD,2016,7180.0
A,AFNER,MAI,CUL_VIV,PROD,2017,6379.852
A,AFNER,MAI,CUL_VIV,PROD,2018,6363.0
A,AFNER,MAI,CUL_VIV,PROD,2019,5714.0
A,AFNER,MAI,CUL_VIV,PROD,2020,6419.0
A,AFNER,MAI,CUL_VIV,PROD,2021,5681.0
A,AFNER,MAI,CUL_VIV,PROD,2022,9333.0
A,AFNER,MAI,CUL_VIV,PROD,2023,9410.0
A,AFNER,MAI,CUL_VIV,PROD,2024,12430.287017900002
A,AFNER,MAN,CUL_VIV,PROD,1990,141.9
A,AFNER,MAN,CUL_VIV,PROD,1991,126.3
A,AFNER,MAN,CUL_VIV,PROD,1992,76.3
A,AFNER,MAN,CUL_VIV,PROD,1993,116.5
A,AFNER,MAN,CUL_VIV,PROD,1994,65.4
A,AFNER,MAN,CUL_VIV,PROD,1995,77.7
A,AFNER,MAN,CUL_VIV,PROD,1996,96.138
A,AFNER,MAN,CUL_VIV,PROD,1997,129.51
A,AFNER,MAN,CUL_VIV,PROD,1998,100.767
A,AFNER,MAN,CUL_VIV,PROD,1999,165.121
A,AFNER,MAN,CUL_VIV,PROD,2000,105.494
A,AFNER,MAN,CUL_VIV,PROD,2001,77.408
A,AFNER,MAN,CUL_VIV,PROD,2002,121.7
A,AFNER,MAN,CUL_VIV,PROD,2003,121.7
A,AFNER,MAN,CUL_VIV,PROD,2004,106.061
A,AFNER,MAN,CUL_VIV,PROD,2005,119.612
A,AFNER,MAN,CUL_VIV,PROD,2006,138.221
A,AFNER,MAN,CUL_VIV,PROD,2007,145.508
A,AFNER,MAN,CUL_VIV,PROD,2008,110.344
A,AFNER,MAN,CUL_VIV,PROD,2009,118.388
A,AFNER,MAN,CUL_VIV,PROD,2010,113006.0
A,AFNER,MAN,CUL_VIV,PROD,2011,97812.0
A,AFNER,MAN,CUL_VIV,PROD,2012,107269.0
A,AFNER,MAN,CUL_VIV,PROD,2013,173019.6
A,AFNER,MAN,CUL_VIV,PROD,2014,133099.0
A,AFNER,MAN,CUL_VIV,PROD,2015,106062.0
A,AFNER,MAN,CUL_VIV,PROD,2016,146563.0
A,AFNER,MAN,CUL_VIV,PROD,2017,278852.9047112546
A,AFNER,MAN,CUL_VIV,PROD,2018,371135.13
A,AFNER,MAN,CUL_VIV,PROD,2019,513670.79
A,AFNER,MAN,CUL_VIV,PROD,2020,658234.11
A,AFNER,MAN,CUL_VIV,PROD,2021,778330.0
A,AFNER,MAN,CUL_VIV,PROD,2022,
A,AFNER,MAN,CUL_VIV,PROD,2023,129625.0
A,AFNER,MAN,CUL_VIV,PROD,2024,596210.0992808001
A,AFNER,MIL,CUL_VIV,PROD,1990,1110.6
A,AFNER,MIL,CUL_VIV,PROD,1991,1818.6
A,AFNER,MIL,CUL_VIV,PROD,1992,1787.1
A,AFNER,MIL,CUL_VIV,PROD,1993,1474.6
A,AFNER,MIL,CUL_VIV,PROD,1994,1972.0
A,AFNER,MIL,CUL_VIV,PROD,1995,1769.2
A,AFNER,MIL,CUL_VIV,PROD,1996,1758.005
A,AFNER,MIL,CUL_VIV,PROD,1997,1352.0
A,AFNER,MIL,CUL_VIV,PROD,1998,2391.282
A,AFNER,MIL,CUL_VIV,PROD,1999,2289.686
A,AFNER,MIL,CUL_VIV,PROD,2000,1678.631
A,AFNER,MIL,CUL_VIV,PROD,2001,2358.741492515965
A,AFNER,MIL,CUL_VIV,PROD,2002,2503.99080268
A,AFNER,MIL,CUL_VIV,PROD,2003,2744.9082947769657
A,AFNER,MIL,CUL_VIV,PROD,2004,2037.714
A,AFNER,MIL,CUL_VIV,PROD,2005,2652.2
A,AFNER,MIL,CUL_VIV,PROD,2006,3015.273
A,AFNER,MIL,CUL_VIV,PROD,2007,2781.927
A,AFNER,MIL,CUL_VIV,PROD,2008,3489.3910000000005
A,AFNER,MIL,CUL_VIV,PROD,2009,2749.7
A,AFNER,MIL,CUL_VIV,PROD,2010,3837525.0
A,AFNER,MIL,CUL_VIV,PROD,2011,2760917.0
A,AFNER,MIL,CUL_VIV,PROD,2012,3862155.0
A,AFNER,MIL,CUL_VIV,PROD,2013,2921982.0
A,AFNER,MIL,CUL_VIV,PROD,2014,3321753.0
A,AFNER,MIL,CUL_VIV,PROD,2015,3404813.0
A,AFNER,MIL,CUL_VIV,PROD,2016,3886079.0
A,AFNER,MIL,CUL_VIV,PROD,2017,3790022.858073101
A,AFNER,MIL,CUL_VIV,PROD,2018,3856344.0
A,AFNER,MIL,CUL_VIV,PROD,2019,3270453.0
A,AFNER,MIL,CUL_VIV,PROD,2020,3508903.0
A,AFNER,MIL,CUL_VIV,PROD,2021,2146707.0
A,AFNER,MIL,CUL_VIV,PROD,2022,3656959.0
A,AFNER,MIL,CUL_VIV,PROD,2023,3161867.6899999995
A,AFNER,MIL,CUL_VIV,PROD,2024,3836014.5445048
A,AFNER,NIE,CUL_VIV,PROD,1990,223.6
A,AFNER,NIE,CUL_VIV,PROD,1991,461.1
A,AFNER,NIE,CUL_VIV,PROD,1992,402.4
A,AFNER,NIE,CUL_VIV,PROD,1993,162.8
A,AFNER,NIE,CUL_VIV,PROD,1994,382.6
A,AFNER,NIE,CUL_VIV,PROD,1995,184.0
A,AFNER,NIE,CUL_VIV,PROD,1996,296.283
A,AFNER,NIE,CUL_VIV,PROD,1997,195.50000000000003
A,AFNER,NIE,CUL_VIV,PROD,1998,774.63
A,AFNER,NIE,CUL_VIV,PROD,1999,420.047
A,AFNER,NIE,CUL_VIV,PROD,2000,262.657
A,AFNER,NIE,CUL_VIV,PROD,2001,509.4694309314253
A,AFNER,NIE,CUL_VIV,PROD,2002,612.326535
A,AFNER,NIE,CUL_VIV,PROD,2003,549.035344
A,AFNER,NIE,CUL_VIV,PROD,2004,339.499
A,AFNER,NIE,CUL_VIV,PROD,2005,585.9
A,AFNER,NIE,CUL_VIV,PROD,2006,692.625
A,AFNER,NIE,CUL_VIV,PROD,2007,1001.14
A,AFNER,NIE,CUL_VIV,PROD,2008,1548.103
A,AFNER,NIE,CUL_VIV,PROD,2009,787.473
A,AFNER,NIE,CUL_VIV,PROD,2010,1773423.0
A,AFNER,NIE,CUL_VIV,PROD,2011,1568826.0
A,AFNER,NIE,CUL_VIV,PROD,2012,1329515.0
A,AFNER,NIE,CUL_VIV,PROD,2013,1789803.0
A,AFNER,NIE,CUL_VIV,PROD,2014,1586423.0
A,AFNER,NIE,CUL_VIV,PROD,2015,1668023.0
A,AFNER,NIE,CUL_VIV,PROD,2016,1982301.0
A,AFNER,NIE,CUL_VIV,PROD,2017,1953707.4788915
A,AFNER,NIE,CUL_VIV,PROD,2018,2372462.0
A,AFNER,NIE,CUL_VIV,PROD,2019,2395699.1
A,AFNER,NIE,CUL_VIV,PROD,2020,2629772.0
A,AFNER,NIE,CUL_VIV,PROD,2021,1656054.0
A,AFNER,NIE,CUL_VIV,PROD,2022,2865884.0
A,AFNER,NIE,CUL_VIV,PROD,2023,2149205.0
A,AFNER,NIE,CUL_VIV,PROD,2024,2763021.7748388005
A,AFNER,OIG,CUL_MAR,PROD,1990,220.0
A,AFNER,OIG,CUL_MAR,PROD,1991,168.8
A,AFNER,OIG,CUL_MAR,PROD,1992,172.4
A,AFNER,OIG,CUL_MAR,PROD,1993,139.8
A,AFNER,OIG,CUL_MAR,PROD,1994,152.2
A,AFNER,OIG,CUL_MAR,PROD,1995,185.7
A,AFNER,OIG,CUL_MAR,PROD,1996,183.37
A,AFNER,OIG,CUL_MAR,PROD,1997,181.051
A,AFNER,OIG,CUL_MAR,PROD,1998,205.971
A,AFNER,OIG,CUL_MAR,PROD,1999,283.499
A,AFNER,OIG,CUL_MAR,PROD,2000,178.7
A,AFNER,OIG,CUL_MAR,PROD,2001,271.218
A,AFNER,OIG,CUL_MAR,PROD,2002,357.6
A,AFNER,OIG,CUL_MAR,PROD,2003,359.2
A,AFNER,OIG,CUL_MAR,PROD,2004,15.469
A,AFNER,OIG,CUL_MAR,PROD,2005,
A,AFNER,OIG,CUL_MAR,PROD,2006,4932.164
A,AFNER,OIG,CUL_MAR,PROD,2007,
A,AFNER,OIG,CUL_MAR,PROD,2008,373.637
A,AFNER,OIG,CUL_MAR,PROD,2009,389.7
A,AFNER,OIG,CUL_MAR,PROD,2010,325600.0
A,AFNER,OIG,CUL_MAR,PROD,2011,371986.0
A,AFNER,OIG,CUL_MAR,PROD,2012,638246.0
A,AFNER,OIG,CUL_MAR,PROD,2013,736271.4
A,AFNER,OIG,CUL_MAR,PROD,2014,783134.0
A,AFNER,OIG,CUL_MAR,PROD,2015,614961.4057314589
A,AFNER,OIG,CUL_MAR,PROD,2016,1011577.0840133076
A,AFNER,OIG,CUL_MAR,PROD,2017,1055089.34
A,AFNER,OIG,CUL_MAR,PROD,2018,1031499.85
A,AFNER,OIG,CUL_MAR,PROD,2019,1222260.31
A,AFNER,OIG,CUL_MAR,PROD,2020,1212279.4040904185
A,AFNER,OIG,CUL_MAR,PROD,2021,1480431.0675051776
A,AFNER,OIG,CUL_MAR,PROD,2022,1432154.04
A,AFNER,OIG,CUL_MAR,PROD,2023,1968791.6064676703
A,AFNER,OIG,CUL_MAR,PROD,2024,2251097.0
A,AFNER,OIG,CUL_VIV,PROD,2011,371986.0
A,AFNER,OIG,CUL_VIV,PROD,2012,638246.0
A,AFNER,OIG,CUL_VIV,PROD,2013,736271.4
A,AFNER,OIG,CUL_VIV,PROD,2014,783134.0
A,AFNER,OIG,CUL_VIV,PROD,2015,584575.5
A,AFNER,OIG,CUL_VIV,PROD,2016,
A,AFNER,OIG,CUL_VIV,PROD,2017,103945.56558409998
A,AFNER,OIG,CUL_VIV,PROD,2018,98824.0
A,AFNER,OIG,CUL_VIV,PROD,2019,90919.0
A,AFNER,OIG,CUL_VIV,PROD,2020,98165.0
A,AFNER,OIG,CUL_VIV,PROD,2021,106494.0
A,AFNER,OIG,CUL_VIV,PROD,2022,160227.0
A,AFNER,OIG,CUL_VIV,PROD,2023,115353.0
A,AFNER,OIG,CUL_VIV,PROD,2024,122074.18440860002
A,AFNER,PAT,CUL_VIV,PROD,1990,119.0
A,AFNER,PAT,CUL_VIV,PROD,1991,22.5
A,AFNER,PAT,CUL_VIV,PROD,1992,37.9
A,AFNER,PAT,CUL_VIV,PROD,1993,20.2
A,AFNER,PAT,CUL_VIV,PROD,1994,27.9
A,AFNER,PAT,CUL_VIV,PROD,1995,48.0
A,AFNER,PAT,CUL_VIV,PROD,1996,39.073
A,AFNER,PAT,CUL_VIV,PROD,1997,30.109
A,AFNER,PAT,CUL_VIV,PROD,1998,32.179
A,AFNER,PAT,CUL_VIV,PROD,1999,49.494
A,AFNER,PAT,CUL_VIV,PROD,2000,29.448
A,AFNER,PAT,CUL_VIV,PROD,2001,29.861
A,AFNER,PAT,CUL_VIV,PROD,2002,44.8
A,AFNER,PAT,CUL_VIV,PROD,2003,44.8
A,AFNER,PAT,CUL_VIV,PROD,2004,44.918
A,AFNER,PAT,CUL_VIV,PROD,2005,49.937
A,AFNER,PAT,CUL_VIV,PROD,2006,91.658
A,AFNER,PAT,CUL_VIV,PROD,2007,123.069
A,AFNER,PAT,CUL_VIV,PROD,2008,57.877
A,AFNER,PAT,CUL_VIV,PROD,2009,53.616
A,AFNER,PAT,CUL_VIV,PROD,2010,51179.0
A,AFNER,PAT,CUL_VIV,PROD,2011,56203.0
A,AFNER,PAT,CUL_VIV,PROD,2012,78021.0
A,AFNER,PAT,CUL_VIV,PROD,2013,97783.5
A,AFNER,PAT,CUL_VIV,PROD,2014,81291.0
A,AFNER,PAT,CUL_VIV,PROD,2015,76040.0
A,AFNER,PAT,CUL_VIV,PROD,2016,109000.0
A,AFNER,PAT,CUL_VIV,PROD,2017,119484.3150601557
A,AFNER,PAT,CUL_VIV,PROD,2018,127484.28
A,AFNER,PAT,CUL_VIV,PROD,2019,173170.58
A,AFNER,PAT,CUL_VIV,PROD,2020,235635.29
A,AFNER,PAT,CUL_VIV,PROD,2021,226679.51
A,AFNER,PAT,CUL_VIV,PROD,2022,
A,AFNER,PAT,CUL_VIV,PROD,2023,27751.0
A,AFNER,PAT,CUL_VIV,PROD,2024,228974.61433590003
A,AFNER,PIM,CUL_MAR,PROD,1990,11.6
A,AFNER,PIM,CUL_MAR,PROD,1991,7.1
A,AFNER,PIM,CUL_MAR,PROD,1992,8.6
A,AFNER,PIM,CUL_MAR,PROD,1993,0.4
A,AFNER,PIM,CUL_MAR,PROD,1994,1.9
A,AFNER,PIM,CUL_MAR,PROD,1995,
A,AFNER,PIM,CUL_MAR,PROD,1996,5.704
A,AFNER,PIM,CUL_MAR,PROD,1997,5.869
A,AFNER,PIM,CUL_MAR,PROD,1998,0.47
A,AFNER,PIM,CUL_MAR,PROD,1999,2.375
A,AFNER,PIM,CUL_MAR,PROD,2000,1.422
A,AFNER,PIM,CUL_MAR,PROD,2001,0.3
A,AFNER,PIM,CUL_MAR,PROD,2002,0.9
A,AFNER,PIM,CUL_MAR,PROD,2003,0.9
A,AFNER,PIM,CUL_MAR,PROD,2004,
A,AFNER,PIM,CUL_MAR,PROD,2005,
A,AFNER,PIM,CUL_MAR,PROD,2006,
A,AFNER,PIM,CUL_MAR,PROD,2007,
A,AFNER,PIM,CUL_MAR,PROD,2008,25.845
A,AFNER,PIM,CUL_MAR,PROD,2009,17.8
A,AFNER,PIM,CUL_MAR,PROD,2010,17300.0
A,AFNER,PIM,CUL_MAR,PROD,2011,22113.0
A,AFNER,PIM,CUL_MAR,PROD,2012,7249.0
A,AFNER,PIM,CUL_MAR,PROD,2013,10355.8
A,AFNER,PIM,CUL_MAR,PROD,2014,43169.0
A,AFNER,PIM,CUL_MAR,PROD,2015,6872.007223630138
A,AFNER,PIM,CUL_MAR,PROD,2016,10782.61425169903
A,AFNER,PIM,CUL_MAR,PROD,2017,16510.01
A,AFNER,PIM,CUL_MAR,PROD,2018,18306.76
A,AFNER,PIM,CUL_MAR,PROD,2019,21578.38
A,AFNER,PIM,CUL_MAR,PROD,2020,29047.826900000004
A,AFNER,PIM,CUL_MAR,PROD,2021,32859.049753604995
A,AFNER,PIM,CUL_MAR,PROD,2022,31824.47
A,AFNER,PIM,CUL_MAR,PROD,2023,37415.2394
A,AFNER,PIM,CUL_MAR,PROD,2024,59681.0
A,AFNER,POM,CUL_VIV,PROD,2003,5.956
A,AFNER,POM,CUL_VIV,PROD,2004,11.498
A,AFNER,POM,CUL_VIV,PROD,2005,13.302
A,AFNER,POM,CUL_VIV,PROD,2006,32.252
A,AFNER,POM,CUL_VIV,PROD,2007,32.252
A,AFNER,POM,CUL_VIV,PROD,2008,22.62
A,AFNER,POM,CUL_VIV,PROD,2009,37.363
A,AFNER,POM,CUL_VIV,PROD,2010,35664.0
A,AFNER,POM,CUL_VIV,PROD,2011,26416.0
A,AFNER,POM,CUL_VIV,PROD,2012,58990.0
A,AFNER,POM,CUL_VIV,PROD,2013,31363.0
A,AFNER,POM,CUL_VIV,PROD,2014,79760.0
A,AFNER,POM,CUL_VIV,PROD,2015,95662.0
A,AFNER,POM,CUL_VIV,PROD,2016,161200.0
A,AFNER,POM,CUL_VIV,PROD,2017,165743.05269644232
A,AFNER,POM,CUL_VIV,PROD,2018,168569.14
A,AFNER,POM,CUL_VIV,PROD,2019,198392.19
A,AFNER,POM,CUL_VIV,PROD,2020,235635.29
A,AFNER,POM,CUL_VIV,PROD,2021,255951.87
A,AFNER,POM,CUL_VIV,PROD,2022,
A,AFNER,POM,CUL_VIV,PROD,2023,
A,AFNER,POM,CUL_VIV,PROD,2024,
A,AFNER,RIZ,CUL_VIV,PROD,1990,9.9
A,AFNER,RIZ,CUL_VIV,PROD,1991,6.7
A,AFNER,RIZ,CUL_VIV,PROD,1992,20.6
A,AFNER,RIZ,CUL_VIV,PROD,1993,9.0
A,AFNER,RIZ,CUL_VIV,PROD,1994,0.5
A,AFNER,RIZ,CUL_VIV,PROD,1995,10.2
A,AFNER,RIZ,CUL_VIV,PROD,1996,22.055
A,AFNER,RIZ,CUL_VIV,PROD,1997,73.81
A,AFNER,RIZ,CUL_VIV,PROD,1998,58.628
A,AFNER,RIZ,CUL_VIV,PROD,1999,10.392
A,AFNER,RIZ,CUL_VIV,PROD,2000,11.617
A,AFNER,RIZ,CUL_VIV,PROD,2001,9.73366990605494
A,AFNER,RIZ,CUL_VIV,PROD,2002,17.444486
A,AFNER,RIZ,CUL_VIV,PROD,2003,5.427999999999999
A,AFNER,RIZ,CUL_VIV,PROD,2004,18.377
A,AFNER,RIZ,CUL_VIV,PROD,2005,2.67
A,AFNER,RIZ,CUL_VIV,PROD,2006,6.502000000000001
A,AFNER,RIZ,CUL_VIV,PROD,2007,6.455
A,AFNER,RIZ,CUL_VIV,PROD,2008,32.031
A,AFNER,RIZ,CUL_VIV,PROD,2009,104.0
A,AFNER,RIZ,CUL_VIV,PROD,2010,29962.0
A,AFNER,RIZ,CUL_VIV,PROD,2011,12230.0
A,AFNER,RIZ,CUL_VIV,PROD,2012,5429.0
A,AFNER,RIZ,CUL_VIV,PROD,2013,13427.0
A,AFNER,RIZ,CUL_VIV,PROD,2014,13989.0
A,AFNER,RIZ,CUL_VIV,PROD,2015,10717.0
A,AFNER,RIZ,CUL_VIV,PROD,2016,11288.0
A,AFNER,RIZ,CUL_VIV,PROD,2017,13200.191
A,AFNER,RIZ,CUL_VIV,PROD,2018,24907.0
A,AFNER,RIZ,CUL_VIV,PROD,2019,27952.0
A,AFNER,RIZ,CUL_VIV,PROD,2020,27948.0
A,AFNER,RIZ,CUL_VIV,PROD,2021,22397.0
A,AFNER,RIZ,CUL_VIV,PROD,2022,50796.0
A,AFNER,RIZ,CUL_VIV,PROD,2023,42981.0
A,AFNER,RIZ,CUL_VIV,PROD,2024,71011.65207150001
A,AFNER,SOR,CUL_VIV,PROD,1990,281.3
A,AFNER,SOR,CUL_VIV,PROD,1991,561.4000000000001
A,AFNER,SOR,CUL_VIV,PROD,1992,383.7000000000001
A,AFNER,SOR,CUL_VIV,PROD,1993,291.6
A,AFNER,SOR,CUL_VIV,PROD,1994,396.6
A,AFNER,SOR,CUL_VIV,PROD,1995,265.6
A,AFNER,SOR,CUL_VIV,PROD,1996,408.363
A,AFNER,SOR,CUL_VIV,PROD,1997,289.70000000000005
A,AFNER,SOR,CUL_VIV,PROD,1998,502.731
A,AFNER,SOR,CUL_VIV,PROD,1999,475.922
A,AFNER,SOR,CUL_VIV,PROD,2000,370.746
A,AFNER,SOR,CUL_VIV,PROD,2001,663.6089458761562
A,AFNER,SOR,CUL_VIV,PROD,2002,636.33084059
A,AFNER,SOR,CUL_VIV,PROD,2003,757.5108277434846
A,AFNER,SOR,CUL_VIV,PROD,2004,599.527
A,AFNER,SOR,CUL_VIV,PROD,2005,943.9
A,AFNER,SOR,CUL_VIV,PROD,2006,935.264
A,AFNER,SOR,CUL_VIV,PROD,2007,975.224
A,AFNER,SOR,CUL_VIV,PROD,2008,1311.136
A,AFNER,SOR,CUL_VIV,PROD,2009,738.5439999999999
A,AFNER,SOR,CUL_VIV,PROD,2010,1301900.0
A,AFNER,SOR,CUL_VIV,PROD,2011,770294.0
A,AFNER,SOR,CUL_VIV,PROD,2012,1375657.0
A,AFNER,SOR,CUL_VIV,PROD,2013,1320249.0
A,AFNER,SOR,CUL_VIV,PROD,2014,1425982.0
A,AFNER,SOR,CUL_VIV,PROD,2015,1916590.0
A,AFNER,SOR,CUL_VIV,PROD,2016,1808264.0
A,AFNER,SOR,CUL_VIV,PROD,2017,1944255.5851965
A,AFNER,SOR,CUL_VIV,PROD,2018,2098973.0
A,AFNER,SOR,CUL_VIV,PROD,2019,1894819.0
A,AFNER,SOR,CUL_VIV,PROD,2020,2132295.0
A,AFNER,SOR,CUL_VIV,PROD,2021,1207237.0
A,AFNER,SOR,CUL_VIV,PROD,2022,2100697.0
A,AFNER,SOR,CUL_VIV,PROD,2023,1700908.0
A,AFNER,SOR,CUL_VIV,PROD,2024,1907420.5765709
A,AFNER,TOM,CUL_MAR,PROD,1990,49.2
A,AFNER,TOM,CUL_MAR,PROD,1991,79.4
A,AFNER,TOM,CUL_MAR,PROD,1992,82.2
A,AFNER,TOM,CUL_MAR,PROD,1993,23.3
A,AFNER,TOM,CUL_MAR,PROD,1994,38.5
A,AFNER,TOM,CUL_MAR,PROD,1995,47.8
A,AFNER,TOM,CUL_MAR,PROD,1996,64.094
A,AFNER,TOM,CUL_MAR,PROD,1997,61.993
A,AFNER,TOM,CUL_MAR,PROD,1998,80.065
A,AFNER,TOM,CUL_MAR,PROD,1999,88.029
A,AFNER,TOM,CUL_MAR,PROD,2000,99.226
A,AFNER,TOM,CUL_MAR,PROD,2001,104.0
A,AFNER,TOM,CUL_MAR,PROD,2002,131.7
A,AFNER,TOM,CUL_MAR,PROD,2003,131.7
A,AFNER,TOM,CUL_MAR,PROD,2004,
A,AFNER,TOM,CUL_MAR,PROD,2005,
A,AFNER,TOM,CUL_MAR,PROD,2006,
A,AFNER,TOM,CUL_MAR,PROD,2007,
A,AFNER,TOM,CUL_MAR,PROD,2008,89.823
A,AFNER,TOM,CUL_MAR,PROD,2009,56.1
A,AFNER,TOM,CUL_MAR,PROD,2010,100400.0
A,AFNER,TOM,CUL_MAR,PROD,2011,109371.0
A,AFNER,TOM,CUL_MAR,PROD,2012,141471.0
A,AFNER,TOM,CUL_MAR,PROD,2013,188767.7
A,AFNER,TOM,CUL_MAR,PROD,2014,225826.0
A,AFNER,TOM,CUL_MAR,PROD,2015,175177.1324880716
A,AFNER,TOM,CUL_MAR,PROD,2016,269079.4504022433
A,AFNER,TOM,CUL_MAR,PROD,2017,263393.9
A,AFNER,TOM,CUL_MAR,PROD,2018,279229.0
A,AFNER,TOM,CUL_MAR,PROD,2019,300704.81
A,AFNER,TOM,CUL_MAR,PROD,2020,334155.05244140007
A,AFNER,TOM,CUL_MAR,PROD,2021,384415.6365063885
A,AFNER,TOM,CUL_MAR,PROD,2022,389589.07
A,AFNER,TOM,CUL_MAR,PROD,2023,687398.2602785601
A,AFNER,TOM,CUL_MAR,PROD,2024,699856.0
A,AFNER,TUB,CUL_VIV,PROD,1996,135.211
A,AFNER,TUB,CUL_VIV,PROD,1997,159.619
A,AFNER,TUB,CUL_VIV,PROD,1998,132.946
A,AFNER,TUB,CUL_VIV,PROD,1999,214.615
A,AFNER,TUB,CUL_VIV,PROD,2000,134.942
A,AFNER,TUB,CUL_VIV,PROD,2001,107.269
A,AFNER,TUB,CUL_VIV,PROD,2002,166.5
A,AFNER,TUB,CUL_VIV,PROD,2003,166.5
A,AFNER,TUB,CUL_VIV,PROD,2004,150.979
A,AFNER,TUB,CUL_VIV,PROD,2005,169.54899999999998
A,AFNER,TUB,CUL_VIV,PROD,2006,229.879
A,AFNER,TUB,CUL_VIV,PROD,2007,268.577
A,AFNER,TUB,CUL_VIV,PROD,2008,190.841
A,AFNER,TUB,CUL_VIV,PROD,2009,209.367
A,AFNER,TUB,CUL_VIV,PROD,2010,199849.0
A,AFNER,TUB,CUL_VIV,PROD,2011,180431.0
A,AFNER,TUB,CUL_VIV,PROD,2012,244280.0
A,AFNER,TUB,CUL_VIV,PROD,2013,302166.1
A,AFNER,TUB,CUL_VIV,PROD,2014,294150.0
A,AFNER,TUB,CUL_VIV,PROD,2015,277764.0
A,AFNER,TUB,CUL_VIV,PROD,2016,416763.0
A,AFNER,TUB,CUL_VIV,PROD,2017,564080.2724678526
A,AFNER,TUB,CUL_VIV,PROD,2018,667188.55
A,AFNER,TUB,CUL_VIV,PROD,2019,885233.56
A,AFNER,TUB,CUL_VIV,PROD,2020,1129504.69
A,AFNER,TUB,CUL_VIV,PROD,2021,1260961.38
A,AFNER,TUB,CUL_VIV,PROD,2022,
A,AFNER,TUB,CUL_VIV,PROD,2023,157376.0
A,AFNER,TUB,CUL_VIV,PROD,2024,825184.7136167001
A,AFNER,VOA,CUL_VIV,PROD,1990,7.4
A,AFNER,VOA,CUL_VIV,PROD,1991,8.3
A,AFNER,VOA,CUL_VIV,PROD,1992,14.8
A,AFNER,VOA,CUL_VIV,PROD,1993,16.8
A,AFNER,VOA,CUL_VIV,PROD,1994,38.8
A,AFNER,VOA,CUL_VIV,PROD,1995,72.8
A,AFNER,VOA,CUL_VIV,PROD,1996,26.383
A,AFNER,VOA,CUL_VIV,PROD,1997,6.445
A,AFNER,VOA,CUL_VIV,PROD,1998,19.97
A,AFNER,VOA,CUL_VIV,PROD,1999,27.557
A,AFNER,VOA,CUL_VIV,PROD,2000,6.043
A,AFNER,VOA,CUL_VIV,PROD,2001,5.7388831108529
A,AFNER,VOA,CUL_VIV,PROD,2002,15.9288
A,AFNER,VOA,CUL_VIV,PROD,2003,5.45692
A,AFNER,VOA,CUL_VIV,PROD,2004,9.759
A,AFNER,VOA,CUL_VIV,PROD,2005,10.177
A,AFNER,VOA,CUL_VIV,PROD,2006,10.629
A,AFNER,VOA,CUL_VIV,PROD,2007,12.168
A,AFNER,VOA,CUL_VIV,PROD,2008,20.313
A,AFNER,VOA,CUL_VIV,PROD,2009,30.182
A,AFNER,VOA,CUL_VIV,PROD,2010,27472.0
A,AFNER,VOA,CUL_VIV,PROD,2011,22098.0
A,AFNER,VOA,CUL_VIV,PROD,2012,32678.0
A,AFNER,VOA,CUL_VIV,PROD,2013,32785.7838973348
A,AFNER,VOA,CUL_VIV,PROD,2014,32784.0
A,AFNER,VOA,CUL_VIV,PROD,2015,37331.0
A,AFNER,VOA,CUL_VIV,PROD,2016,32600.0
A,AFNER,VOA,CUL_VIV,PROD,2017,36036.95235
A,AFNER,VOA,CUL_VIV,PROD,2018,46934.0
A,AFNER,VOA,CUL_VIV,PROD,2019,44807.0
A,AFNER,VOA,CUL_VIV,PROD,2020,55570.0
A,AFNER,VOA,CUL_VIV,PROD,2021,41190.0
A,AFNER,VOA,CUL_VIV,PROD,2022,61753.0
A,AFNER,VOA,CUL_VIV,PROD,2023,46042.0
A,AFNER,VOA,CUL_VIV,PROD,2024,50570.6270968
A,AFNER1,ARA,CUL_IND,PROD,1990,
A,AFNER1,ARA,CUL_IND,PROD,1991,
A,AFNER1,ARA,CUL_IND,PROD,1992,
A,AFNER1,ARA,CUL_IND,PROD,1993,
A,AFNER1,ARA,CUL_IND,PROD,1994,
A,AFNER1,ARA,CUL_IND,PROD,1995,
A,AFNER1,ARA,CUL_IND,PROD,1996,
A,AFNER1,ARA,CUL_IND,PROD,1997,
A,AFNER1,ARA,CUL_IND,PROD,1998,
A,AFNER1,ARA,CUL_IND,PROD,1999,
A,AFNER1,ARA,CUL_IND,PROD,2000,
A,AFNER1,ARA,CUL_IND,PROD,2001,
A,AFNER1,ARA,CUL_IND,PROD,2002,
A,AFNER1,ARA,CUL_IND,PROD,2003,
A,AFNER1,ARA,CUL_IND,PROD,2004,
A,AFNER1,ARA,CUL_IND,PROD,2005,
A,AFNER1,ARA,CUL_IND,PROD,2006,
A,AFNER1,ARA,CUL_IND,PROD,2007,
A,AFNER1,ARA,CUL_IND,PROD,2008,
A,AFNER1,ARA,CUL_IND,PROD,2009,
A,AFNER1,ARA,CUL_IND,PROD,2010,
A,AFNER1,ARA,CUL_IND,PROD,2011,
A,AFNER1,ARA,CUL_IND,PROD,2012,
A,AFNER1,ARA,CUL_IND,PROD,2013,
A,AFNER1,ARA,CUL_IND,PROD,2014,
A,AFNER1,ARA,CUL_IND,PROD,2015,
A,AFNER1,ARA,CUL_IND,PROD,2016,
A,AFNER1,ARA,CUL_IND,PROD,2017,
A,AFNER1,ARA,CUL_IND,PROD,2018,
A,AFNER1,ARA,CUL_IND,PROD,2019,0.0
A,AFNER1,ARA,CUL_IND,PROD,2020,0.0
A,AFNER1,ARA,CUL_IND,PROD,2021,0.0
A,AFNER1,ARA,CUL_IND,PROD,2022,157.0
A,AFNER1,ARA,CUL_IND,PROD,2023,765.42
A,AFNER1,ARA,CUL_IND,PROD,2024,2.8228
A,AFNER1,MAI,CUL_VIV,PROD,1990,
A,AFNER1,MAI,CUL_VIV,PROD,1991,0.9
A,AFNER1,MAI,CUL_VIV,PROD,1992,0.8
A,AFNER1,MAI,CUL_VIV,PROD,1993,
A,AFNER1,MAI,CUL_VIV,PROD,1994,
A,AFNER1,MAI,CUL_VIV,PROD,1995,0.8
A,AFNER1,MAI,CUL_VIV,PROD,1996,0.832
A,AFNER1,MAI,CUL_VIV,PROD,1997,2.9
A,AFNER1,MAI,CUL_VIV,PROD,1998,4.282
A,AFNER1,MAI,CUL_VIV,PROD,1999,15.272
A,AFNER1,MAI,CUL_VIV,PROD,2000,2.5
A,AFNER1,MAI,CUL_VIV,PROD,2001,1.5576
A,AFNER1,MAI,CUL_VIV,PROD,2002,0.701395
A,AFNER1,MAI,CUL_VIV,PROD,2003,1.489567
A,AFNER1,MAI,CUL_VIV,PROD,2004,0.932
A,AFNER1,MAI,CUL_VIV,PROD,2005,0.8
A,AFNER1,MAI,CUL_VIV,PROD,2006,0.273
A,AFNER1,MAI,CUL_VIV,PROD,2007,0.119
A,AFNER1,MAI,CUL_VIV,PROD,2008,0.187
A,AFNER1,MAI,CUL_VIV,PROD,2009,0.711
A,AFNER1,MAI,CUL_VIV,PROD,2010,427.0
A,AFNER1,MAI,CUL_VIV,PROD,2011,606.0
A,AFNER1,MAI,CUL_VIV,PROD,2012,718.0
A,AFNER1,MAI,CUL_VIV,PROD,2013,556.0
A,AFNER1,MAI,CUL_VIV,PROD,2014,609.0
A,AFNER1,MAI,CUL_VIV,PROD,2015,380.0
A,AFNER1,MAI,CUL_VIV,PROD,2016,593.0
A,AFNER1,MAI,CUL_VIV,PROD,2017,831.147
A,AFNER1,MAI,CUL_VIV,PROD,2018,892.0
A,AFNER1,MAI,CUL_VIV,PROD,2019,617.0
A,AFNER1,MAI,CUL_VIV,PROD,2020,734.0
A,AFNER1,MAI,CUL_VIV,PROD,2021,514.0
A,AFNER1,MAI,CUL_VIV,PROD,2022,233.0
A,AFNER1,MAI,CUL_VIV,PROD,2023,537.12
A,AFNER1,MAI,CUL_VIV,PROD,2024,559.3999816
A,AFNER1,MIL,CUL_VIV,PROD,1990,
A,AFNER1,MIL,CUL_VIV,PROD,1991,0.8
A,AFNER1,MIL,CUL_VIV,PROD,1992,0.8
A,AFNER1,MIL,CUL_VIV,PROD,1993,
A,AFNER1,MIL,CUL_VIV,PROD,1994,1.5
A,AFNER1,MIL,CUL_VIV,PROD,1995,0.6
A,AFNER1,MIL,CUL_VIV,PROD,1996,0.834
A,AFNER1,MIL,CUL_VIV,PROD,1997,0.2
A,AFNER1,MIL,CUL_VIV,PROD,1998,0.271
A,AFNER1,MIL,CUL_VIV,PROD,1999,1.059
A,AFNER1,MIL,CUL_VIV,PROD,2000,0.787
A,AFNER1,MIL,CUL_VIV,PROD,2001,3.968106
A,AFNER1,MIL,CUL_VIV,PROD,2002,0.363384
A,AFNER1,MIL,CUL_VIV,PROD,2003,0.585
A,AFNER1,MIL,CUL_VIV,PROD,2004,0.127
A,AFNER1,MIL,CUL_VIV,PROD,2005,0.3
A,AFNER1,MIL,CUL_VIV,PROD,2006,0.026
A,AFNER1,MIL,CUL_VIV,PROD,2007,0.0
A,AFNER1,MIL,CUL_VIV,PROD,2008,0.026
A,AFNER1,MIL,CUL_VIV,PROD,2009,72.0
A,AFNER1,MIL,CUL_VIV,PROD,2010,40.0
A,AFNER1,MIL,CUL_VIV,PROD,2011,198.0
A,AFNER1,MIL,CUL_VIV,PROD,2012,139.0
A,AFNER1,MIL,CUL_VIV,PROD,2013,5.0
A,AFNER1,MIL,CUL_VIV,PROD,2014,139.0
A,AFNER1,MIL,CUL_VIV,PROD,2015,14.0
A,AFNER1,MIL,CUL_VIV,PROD,2016,25.0
A,AFNER1,MIL,CUL_VIV,PROD,2017,111.4315531
A,AFNER1,MIL,CUL_VIV,PROD,2018,97.0
A,AFNER1,MIL,CUL_VIV,PROD,2019,56.0
A,AFNER1,MIL,CUL_VIV,PROD,2020,62.0
A,AFNER1,MIL,CUL_VIV,PROD,2021,42.0
A,AFNER1,MIL,CUL_VIV,PROD,2022,35.0
A,AFNER1,MIL,CUL_VIV,PROD,2023,26.96
A,AFNER1,MIL,CUL_VIV,PROD,2024,141.4974155
A,AFNER1,NIE,CUL_VIV,PROD,1990,
A,AFNER1,NIE,CUL_VIV,PROD,1991,
A,AFNER1,NIE,CUL_VIV,PROD,1992,
A,AFNER1,NIE,CUL_VIV,PROD,1993,
A,AFNER1,NIE,CUL_VIV,PROD,1994,
A,AFNER1,NIE,CUL_VIV,PROD,1995,
A,AFNER1,NIE,CUL_VIV,PROD,1996,
A,AFNER1,NIE,CUL_VIV,PROD,1997,
A,AFNER1,NIE,CUL_VIV,PROD,1998,
A,AFNER1,NIE,CUL_VIV,PROD,1999,0.047
A,AFNER1,NIE,CUL_VIV,PROD,2000,
A,AFNER1,NIE,CUL_VIV,PROD,2001,
A,AFNER1,NIE,CUL_VIV,PROD,2002,0.418347
A,AFNER1,NIE,CUL_VIV,PROD,2003,
A,AFNER1,NIE,CUL_VIV,PROD,2004,
A,AFNER1,NIE,CUL_VIV,PROD,2005,
A,AFNER1,NIE,CUL_VIV,PROD,2006,
A,AFNER1,NIE,CUL_VIV,PROD,2007,
A,AFNER1,NIE,CUL_VIV,PROD,2008,0.028
A,AFNER1,NIE,CUL_VIV,PROD,2009,0.711
A,AFNER1,NIE,CUL_VIV,PROD,2010,
A,AFNER1,NIE,CUL_VIV,PROD,2011,
A,AFNER1,NIE,CUL_VIV,PROD,2012,
A,AFNER1,NIE,CUL_VIV,PROD,2013,23.0
A,AFNER1,NIE,CUL_VIV,PROD,2014,
A,AFNER1,NIE,CUL_VIV,PROD,2015,34.0
A,AFNER1,NIE,CUL_VIV,PROD,2016,67.0
A,AFNER1,NIE,CUL_VIV,PROD,2017,28.5004115
A,AFNER1,NIE,CUL_VIV,PROD,2018,51.0
A,AFNER1,NIE,CUL_VIV,PROD,2019,47.46000000000001
A,AFNER1,NIE,CUL_VIV,PROD,2020,46.0
A,AFNER1,NIE,CUL_VIV,PROD,2021,17.0
A,AFNER1,NIE,CUL_VIV,PROD,2022,62.0
A,AFNER1,NIE,CUL_VIV,PROD,2023,50.76
A,AFNER1,NIE,CUL_VIV,PROD,2024,71.69296250000001
A,AFNER1,RIZ,CUL_VIV,PROD,1990,
A,AFNER1,RIZ,CUL_VIV,PROD,1991,
A,AFNER1,RIZ,CUL_VIV,PROD,1992,
A,AFNER1,RIZ,CUL_VIV,PROD,1993,
A,AFNER1,RIZ,CUL_VIV,PROD,1994,
A,AFNER1,RIZ,CUL_VIV,PROD,1995,
A,AFNER1,RIZ,CUL_VIV,PROD,1996,
A,AFNER1,RIZ,CUL_VIV,PROD,1997,
A,AFNER1,RIZ,CUL_VIV,PROD,1998,
A,AFNER1,RIZ,CUL_VIV,PROD,1999,
A,AFNER1,RIZ,CUL_VIV,PROD,2000,
A,AFNER1,RIZ,CUL_VIV,PROD,2001,
A,AFNER1,RIZ,CUL_VIV,PROD,2002,
A,AFNER1,RIZ,CUL_VIV,PROD,2003,
A,AFNER1,RIZ,CUL_VIV,PROD,2004,
A,AFNER1,RIZ,CUL_VIV,PROD,2005,
A,AFNER1,RIZ,CUL_VIV,PROD,2006,
A,AFNER1,RIZ,CUL_VIV,PROD,2007,
A,AFNER1,RIZ,CUL_VIV,PROD,2008,
A,AFNER1,RIZ,CUL_VIV,PROD,2009,
A,AFNER1,RIZ,CUL_VIV,PROD,2010,
A,AFNER1,RIZ,CUL_VIV,PROD,2011,
A,AFNER1,RIZ,CUL_VIV,PROD,2012,
A,AFNER1,RIZ,CUL_VIV,PROD,2013,
A,AFNER1,RIZ,CUL_VIV,PROD,2014,
A,AFNER1,RIZ,CUL_VIV,PROD,2015,
A,AFNER1,RIZ,CUL_VIV,PROD,2016,
A,AFNER1,RIZ,CUL_VIV,PROD,2017,
A,AFNER1,RIZ,CUL_VIV,PROD,2018,
A,AFNER1,RIZ,CUL_VIV,PROD,2019,
A,AFNER1,RIZ,CUL_VIV,PROD,2020,
A,AFNER1,RIZ,CUL_VIV,PROD,2021,
A,AFNER1,RIZ,CUL_VIV,PROD,2022,
A,AFNER1,RIZ,CUL_VIV,PROD,2023,37.15
A,AFNER1,RIZ,CUL_VIV,PROD,2024,
A,AFNER1,SOR,CUL_VIV,PROD,1990,
A,AFNER1,SOR,CUL_VIV,PROD,1991,
A,AFNER1,SOR,CUL_VIV,PROD,1992,
A,AFNER1,SOR,CUL_VIV,PROD,1993,
A,AFNER1,SOR,CUL_VIV,PROD,1994,
A,AFNER1,SOR,CUL_VIV,PROD,1995,
A,AFNER1,SOR,CUL_VIV,PROD,1996,0.3
A,AFNER1,SOR,CUL_VIV,PROD,1997,0.3
A,AFNER1,SOR,CUL_VIV,PROD,1998,1.319
A,AFNER1,SOR,CUL_VIV,PROD,1999,0.071
A,AFNER1,SOR,CUL_VIV,PROD,2000,
A,AFNER1,SOR,CUL_VIV,PROD,2001,0.4389
A,AFNER1,SOR,CUL_VIV,PROD,2002,
A,AFNER1,SOR,CUL_VIV,PROD,2003,
A,AFNER1,SOR,CUL_VIV,PROD,2004,
A,AFNER1,SOR,CUL_VIV,PROD,2005,
A,AFNER1,SOR,CUL_VIV,PROD,2006,
A,AFNER1,SOR,CUL_VIV,PROD,2007,
A,AFNER1,SOR,CUL_VIV,PROD,2008,
A,AFNER1,SOR,CUL_VIV,PROD,2009,
A,AFNER1,SOR,CUL_VIV,PROD,2010,
A,AFNER1,SOR,CUL_VIV,PROD,2011,
A,AFNER1,SOR,CUL_VIV,PROD,2012,
A,AFNER1,SOR,CUL_VIV,PROD,2013,15.0
A,AFNER1,SOR,CUL_VIV,PROD,2014,50.0
A,AFNER1,SOR,CUL_VIV,PROD,2015,25.0
A,AFNER1,SOR,CUL_VIV,PROD,2016,52.0
A,AFNER1,SOR,CUL_VIV,PROD,2017,308.1626665
A,AFNER1,SOR,CUL_VIV,PROD,2018,192.0
A,AFNER1,SOR,CUL_VIV,PROD,2019,154.0
A,AFNER1,SOR,CUL_VIV,PROD,2020,120.0
A,AFNER1,SOR,CUL_VIV,PROD,2021,101.0
A,AFNER1,SOR,CUL_VIV,PROD,2022,113.0
A,AFNER1,SOR,CUL_VIV,PROD,2023,30.0
A,AFNER1,SOR,CUL_VIV,PROD,2024,147.34801
A,AFNER2,ARA,CUL_IND,PROD,1990,
A,AFNER2,ARA,CUL_IND,PROD,1991,
A,AFNER2,ARA,CUL_IND,PROD,1992,
A,AFNER2,ARA,CUL_IND,PROD,1993,
A,AFNER2,ARA,CUL_IND,PROD,1994,
A,AFNER2,ARA,CUL_IND,PROD,1995,0.1
A,AFNER2,ARA,CUL_IND,PROD,1996,0.101
A,AFNER2,ARA,CUL_IND,PROD,1997,
A,AFNER2,ARA,CUL_IND,PROD,1998,
A,AFNER2,ARA,CUL_IND,PROD,1999,0.233
A,AFNER2,ARA,CUL_IND,PROD,2000,0.006
A,AFNER2,ARA,CUL_IND,PROD,2001,0.0166304680706838
A,AFNER2,ARA,CUL_IND,PROD,2002,0.096
A,AFNER2,ARA,CUL_IND,PROD,2003,
A,AFNER2,ARA,CUL_IND,PROD,2004,
A,AFNER2,ARA,CUL_IND,PROD,2005,
A,AFNER2,ARA,CUL_IND,PROD,2006,0.21
A,AFNER2,ARA,CUL_IND,PROD,2007,0.113
A,AFNER2,ARA,CUL_IND,PROD,2008,2.553
A,AFNER2,ARA,CUL_IND,PROD,2009,0.522
A,AFNER2,ARA,CUL_IND,PROD,2010,2658.0
A,AFNER2,ARA,CUL_IND,PROD,2011,1947.0
A,AFNER2,ARA,CUL_IND,PROD,2012,2418.0
A,AFNER2,ARA,CUL_IND,PROD,2013,2516.0
A,AFNER2,ARA,CUL_IND,PROD,2014,2467.0
A,AFNER2,ARA,CUL_IND,PROD,2015,7540.0
A,AFNER2,ARA,CUL_IND,PROD,2016,1789.0
A,AFNER2,ARA,CUL_IND,PROD,2017,1764.0
A,AFNER2,ARA,CUL_IND,PROD,2018,2825.0
A,AFNER2,ARA,CUL_IND,PROD,2019,2490.0
A,AFNER2,ARA,CUL_IND,PROD,2020,2767.0
A,AFNER2,ARA,CUL_IND,PROD,2021,3995.0
A,AFNER2,ARA,CUL_IND,PROD,2022,4249.0
A,AFNER2,ARA,CUL_IND,PROD,2023,2665.0
A,AFNER2,ARA,CUL_IND,PROD,2024,3438.6537663
A,AFNER2,MAI,CUL_VIV,PROD,1990,
A,AFNER2,MAI,CUL_VIV,PROD,1991,
A,AFNER2,MAI,CUL_VIV,PROD,1992,
A,AFNER2,MAI,CUL_VIV,PROD,1993,
A,AFNER2,MAI,CUL_VIV,PROD,1994,
A,AFNER2,MAI,CUL_VIV,PROD,1995,
A,AFNER2,MAI,CUL_VIV,PROD,1996,
A,AFNER2,MAI,CUL_VIV,PROD,1997,
A,AFNER2,MAI,CUL_VIV,PROD,1998,
A,AFNER2,MAI,CUL_VIV,PROD,1999,
A,AFNER2,MAI,CUL_VIV,PROD,2000,
A,AFNER2,MAI,CUL_VIV,PROD,2001,
A,AFNER2,MAI,CUL_VIV,PROD,2002,
A,AFNER2,MAI,CUL_VIV,PROD,2003,
A,AFNER2,MAI,CUL_VIV,PROD,2004,
A,AFNER2,MAI,CUL_VIV,PROD,2005,
A,AFNER2,MAI,CUL_VIV,PROD,2006,
A,AFNER2,MAI,CUL_VIV,PROD,2007,16.959
A,AFNER2,MAI,CUL_VIV,PROD,2008,
A,AFNER2,MAI,CUL_VIV,PROD,2009,
A,AFNER2,MAI,CUL_VIV,PROD,2010,
A,AFNER2,MAI,CUL_VIV,PROD,2011,
A,AFNER2,MAI,CUL_VIV,PROD,2012,
A,AFNER2,MAI,CUL_VIV,PROD,2013,
A,AFNER2,MAI,CUL_VIV,PROD,2014,
A,AFNER2,MAI,CUL_VIV,PROD,2015,
A,AFNER2,MAI,CUL_VIV,PROD,2016,
A,AFNER2,MAI,CUL_VIV,PROD,2017,
A,AFNER2,MAI,CUL_VIV,PROD,2018,
A,AFNER2,MAI,CUL_VIV,PROD,2019,
A,AFNER2,MAI,CUL_VIV,PROD,2020,
A,AFNER2,MAI,CUL_VIV,PROD,2021,722.0
A,AFNER2,MAI,CUL_VIV,PROD,2022,1783.0
A,AFNER2,MAI,CUL_VIV,PROD,2023,1695.16
A,AFNER2,MAI,CUL_VIV,PROD,2024,3825.496211
A,AFNER2,MIL,CUL_VIV,PROD,1990,39.4
A,AFNER2,MIL,CUL_VIV,PROD,1991,19.6
A,AFNER2,MIL,CUL_VIV,PROD,1992,52.5
A,AFNER2,MIL,CUL_VIV,PROD,1993,15.9
A,AFNER2,MIL,CUL_VIV,PROD,1994,32.5
A,AFNER2,MIL,CUL_VIV,PROD,1995,8.9
A,AFNER2,MIL,CUL_VIV,PROD,1996,31.896
A,AFNER2,MIL,CUL_VIV,PROD,1997,3.7
A,AFNER2,MIL,CUL_VIV,PROD,1998,42.665
A,AFNER2,MIL,CUL_VIV,PROD,1999,43.394
A,AFNER2,MIL,CUL_VIV,PROD,2000,4.251
A,AFNER2,MIL,CUL_VIV,PROD,2001,44.2630877677452
A,AFNER2,MIL,CUL_VIV,PROD,2002,51.669902
A,AFNER2,MIL,CUL_VIV,PROD,2003,39.020908
A,AFNER2,MIL,CUL_VIV,PROD,2004,9.01
A,AFNER2,MIL,CUL_VIV,PROD,2005,44.9
A,AFNER2,MIL,CUL_VIV,PROD,2006,63.442
A,AFNER2,MIL,CUL_VIV,PROD,2007,76.749
A,AFNER2,MIL,CUL_VIV,PROD,2008,67.882
A,AFNER2,MIL,CUL_VIV,PROD,2009,29.9
A,AFNER2,MIL,CUL_VIV,PROD,2010,79260.0
A,AFNER2,MIL,CUL_VIV,PROD,2011,47858.0
A,AFNER2,MIL,CUL_VIV,PROD,2012,91273.0
A,AFNER2,MIL,CUL_VIV,PROD,2013,56933.0
A,AFNER2,MIL,CUL_VIV,PROD,2014,69271.0
A,AFNER2,MIL,CUL_VIV,PROD,2015,50855.0
A,AFNER2,MIL,CUL_VIV,PROD,2016,55113.0
A,AFNER2,MIL,CUL_VIV,PROD,2017,41646.0
A,AFNER2,MIL,CUL_VIV,PROD,2018,49014.0
A,AFNER2,MIL,CUL_VIV,PROD,2019,26530.0
A,AFNER2,MIL,CUL_VIV,PROD,2020,32494.0
A,AFNER2,MIL,CUL_VIV,PROD,2021,20617.0
A,AFNER2,MIL,CUL_VIV,PROD,2022,45796.0
A,AFNER2,MIL,CUL_VIV,PROD,2023,31251.86
A,AFNER2,MIL,CUL_VIV,PROD,2024,33475.8642368
A,AFNER2,NIE,CUL_VIV,PROD,1990,10.7
A,AFNER2,NIE,CUL_VIV,PROD,1991,9.9
A,AFNER2,NIE,CUL_VIV,PROD,1992,3.1
A,AFNER2,NIE,CUL_VIV,PROD,1993,0.7
A,AFNER2,NIE,CUL_VIV,PROD,1994,9.5
A,AFNER2,NIE,CUL_VIV,PROD,1995,2.1
A,AFNER2,NIE,CUL_VIV,PROD,1996,4.838
A,AFNER2,NIE,CUL_VIV,PROD,1997,2.0
A,AFNER2,NIE,CUL_VIV,PROD,1998,3.03
A,AFNER2,NIE,CUL_VIV,PROD,1999,2.288
A,AFNER2,NIE,CUL_VIV,PROD,2000,0.768
A,AFNER2,NIE,CUL_VIV,PROD,2001,1.87576754543648
A,AFNER2,NIE,CUL_VIV,PROD,2002,0.621
A,AFNER2,NIE,CUL_VIV,PROD,2003,2.360996
A,AFNER2,NIE,CUL_VIV,PROD,2004,1.856
A,AFNER2,NIE,CUL_VIV,PROD,2005,1.8
A,AFNER2,NIE,CUL_VIV,PROD,2006,3.889
A,AFNER2,NIE,CUL_VIV,PROD,2007,14.069
A,AFNER2,NIE,CUL_VIV,PROD,2008,17.477
A,AFNER2,NIE,CUL_VIV,PROD,2009,0.665
A,AFNER2,NIE,CUL_VIV,PROD,2010,17604.0
A,AFNER2,NIE,CUL_VIV,PROD,2011,22551.0
A,AFNER2,NIE,CUL_VIV,PROD,2012,19286.0
A,AFNER2,NIE,CUL_VIV,PROD,2013,13770.0
A,AFNER2,NIE,CUL_VIV,PROD,2014,13404.0
A,AFNER2,NIE,CUL_VIV,PROD,2015,27427.0
A,AFNER2,NIE,CUL_VIV,PROD,2016,11095.0
A,AFNER2,NIE,CUL_VIV,PROD,2017,17804.0
A,AFNER2,NIE,CUL_VIV,PROD,2018,20943.0
A,AFNER2,NIE,CUL_VIV,PROD,2019,17790.0
A,AFNER2,NIE,CUL_VIV,PROD,2020,19474.0
A,AFNER2,NIE,CUL_VIV,PROD,2021,15114.0
A,AFNER2,NIE,CUL_VIV,PROD,2022,27789.0
A,AFNER2,NIE,CUL_VIV,PROD,2023,14959.7
A,AFNER2,NIE,CUL_VIV,PROD,2024,19955.3818412
A,AFNER2,RIZ,CUL_VIV,PROD,1990,
A,AFNER2,RIZ,CUL_VIV,PROD,1991,
A,AFNER2,RIZ,CUL_VIV,PROD,1992,
A,AFNER2,RIZ,CUL_VIV,PROD,1993,
A,AFNER2,RIZ,CUL_VIV,PROD,1994,
A,AFNER2,RIZ,CUL_VIV,PROD,1995,
A,AFNER2,RIZ,CUL_VIV,PROD,1996,1.761
A,AFNER2,RIZ,CUL_VIV,PROD,1997,
A,AFNER2,RIZ,CUL_VIV,PROD,1998,0.799
A,AFNER2,RIZ,CUL_VIV,PROD,1999,0.577
A,AFNER2,RIZ,CUL_VIV,PROD,2000,
A,AFNER2,RIZ,CUL_VIV,PROD,2001,0.1784335178808
A,AFNER2,RIZ,CUL_VIV,PROD,2002,0.715632
A,AFNER2,RIZ,CUL_VIV,PROD,2003,
A,AFNER2,RIZ,CUL_VIV,PROD,2004,
A,AFNER2,RIZ,CUL_VIV,PROD,2005,0.01
A,AFNER2,RIZ,CUL_VIV,PROD,2006,0.158
A,AFNER2,RIZ,CUL_VIV,PROD,2007,
A,AFNER2,RIZ,CUL_VIV,PROD,2008,
A,AFNER2,RIZ,CUL_VIV,PROD,2009,84.0
A,AFNER2,RIZ,CUL_VIV,PROD,2010,
A,AFNER2,RIZ,CUL_VIV,PROD,2011,
A,AFNER2,RIZ,CUL_VIV,PROD,2012,
A,AFNER2,RIZ,CUL_VIV,PROD,2013,
A,AFNER2,RIZ,CUL_VIV,PROD,2014,
A,AFNER2,RIZ,CUL_VIV,PROD,2015,
A,AFNER2,RIZ,CUL_VIV,PROD,2016,
A,AFNER2,RIZ,CUL_VIV,PROD,2017,1032.0
A,AFNER2,RIZ,CUL_VIV,PROD,2018,8572.0
A,AFNER2,RIZ,CUL_VIV,PROD,2019,261.0
A,AFNER2,RIZ,CUL_VIV,PROD,2020,1123.0
A,AFNER2,RIZ,CUL_VIV,PROD,2021,1450.0
A,AFNER2,RIZ,CUL_VIV,PROD,2022,1972.0
A,AFNER2,RIZ,CUL_VIV,PROD,2023,4313.55
A,AFNER2,RIZ,CUL_VIV,PROD,2024,5360.1020016
A,AFNER2,SOR,CUL_VIV,PROD,1990,0.3
A,AFNER2,SOR,CUL_VIV,PROD,1991,2.5
A,AFNER2,SOR,CUL_VIV,PROD,1992,1.2
A,AFNER2,SOR,CUL_VIV,PROD,1993,0.1
A,AFNER2,SOR,CUL_VIV,PROD,1994,0.3
A,AFNER2,SOR,CUL_VIV,PROD,1995,
A,AFNER2,SOR,CUL_VIV,PROD,1996,5.208
A,AFNER2,SOR,CUL_VIV,PROD,1997,0.3
A,AFNER2,SOR,CUL_VIV,PROD,1998,1.298
A,AFNER2,SOR,CUL_VIV,PROD,1999,0.829
A,AFNER2,SOR,CUL_VIV,PROD,2000,0.179
A,AFNER2,SOR,CUL_VIV,PROD,2001,0.898811274464498
A,AFNER2,SOR,CUL_VIV,PROD,2002,1.098228
A,AFNER2,SOR,CUL_VIV,PROD,2003,3.654456
A,AFNER2,SOR,CUL_VIV,PROD,2004,0.542
A,AFNER2,SOR,CUL_VIV,PROD,2005,2.9
A,AFNER2,SOR,CUL_VIV,PROD,2006,5.273
A,AFNER2,SOR,CUL_VIV,PROD,2007,6.79
A,AFNER2,SOR,CUL_VIV,PROD,2008,6.989
A,AFNER2,SOR,CUL_VIV,PROD,2009,2.5
A,AFNER2,SOR,CUL_VIV,PROD,2010,8879.0
A,AFNER2,SOR,CUL_VIV,PROD,2011,3165.0
A,AFNER2,SOR,CUL_VIV,PROD,2012,12981.0
A,AFNER2,SOR,CUL_VIV,PROD,2013,12297.0
A,AFNER2,SOR,CUL_VIV,PROD,2014,9118.0
A,AFNER2,SOR,CUL_VIV,PROD,2015,13216.0
A,AFNER2,SOR,CUL_VIV,PROD,2016,8802.0
A,AFNER2,SOR,CUL_VIV,PROD,2017,9193.0
A,AFNER2,SOR,CUL_VIV,PROD,2018,13703.0
A,AFNER2,SOR,CUL_VIV,PROD,2019,7595.0
A,AFNER2,SOR,CUL_VIV,PROD,2020,10575.0
A,AFNER2,SOR,CUL_VIV,PROD,2021,8456.0
A,AFNER2,SOR,CUL_VIV,PROD,2022,13945.0
A,AFNER2,SOR,CUL_VIV,PROD,2023,5971.12
A,AFNER2,SOR,CUL_VIV,PROD,2024,8816.3758428
A,AFNER3,ARA,CUL_IND,PROD,1990,5.1
A,AFNER3,ARA,CUL_IND,PROD,1991,8.3
A,AFNER3,ARA,CUL_IND,PROD,1992,9.1
A,AFNER3,ARA,CUL_IND,PROD,1993,6.7
A,AFNER3,ARA,CUL_IND,PROD,1994,15.1
A,AFNER3,ARA,CUL_IND,PROD,1995,25.6
A,AFNER3,ARA,CUL_IND,PROD,1996,26.543
A,AFNER3,ARA,CUL_IND,PROD,1997,7.3
A,AFNER3,ARA,CUL_IND,PROD,1998,7.258
A,AFNER3,ARA,CUL_IND,PROD,1999,25.292
A,AFNER3,ARA,CUL_IND,PROD,2000,10.461
A,AFNER3,ARA,CUL_IND,PROD,2001,8.46372893577793
A,AFNER3,ARA,CUL_IND,PROD,2002,19.819203
A,AFNER3,ARA,CUL_IND,PROD,2003,17.023399
A,AFNER3,ARA,CUL_IND,PROD,2004,6.913
A,AFNER3,ARA,CUL_IND,PROD,2005,13.4
A,AFNER3,ARA,CUL_IND,PROD,2006,17.554
A,AFNER3,ARA,CUL_IND,PROD,2007,9.705
A,AFNER3,ARA,CUL_IND,PROD,2008,43.689
A,AFNER3,ARA,CUL_IND,PROD,2009,45.256
A,AFNER3,ARA,CUL_IND,PROD,2010,51455.0
A,AFNER3,ARA,CUL_IND,PROD,2011,48724.0
A,AFNER3,ARA,CUL_IND,PROD,2012,33015.0
A,AFNER3,ARA,CUL_IND,PROD,2013,42439.0
A,AFNER3,ARA,CUL_IND,PROD,2014,42319.0
A,AFNER3,ARA,CUL_IND,PROD,2015,40734.0
A,AFNER3,ARA,CUL_IND,PROD,2016,43210.0
A,AFNER3,ARA,CUL_IND,PROD,2017,54911.0
A,AFNER3,ARA,CUL_IND,PROD,2018,53615.0
A,AFNER3,ARA,CUL_IND,PROD,2019,46871.0
A,AFNER3,ARA,CUL_IND,PROD,2020,57941.0
A,AFNER3,ARA,CUL_IND,PROD,2021,46644.0
A,AFNER3,ARA,CUL_IND,PROD,2022,61176.0
A,AFNER3,ARA,CUL_IND,PROD,2023,52400.66
A,AFNER3,ARA,CUL_IND,PROD,2024,59548.1663276
A,AFNER3,MAI,CUL_VIV,PROD,1990,1.8
A,AFNER3,MAI,CUL_VIV,PROD,1991,0.8
A,AFNER3,MAI,CUL_VIV,PROD,1992,0.1
A,AFNER3,MAI,CUL_VIV,PROD,1993,0.1
A,AFNER3,MAI,CUL_VIV,PROD,1994,1.1
A,AFNER3,MAI,CUL_VIV,PROD,1995,
A,AFNER3,MAI,CUL_VIV,PROD,1996,0.822
A,AFNER3,MAI,CUL_VIV,PROD,1997,0.1
A,AFNER3,MAI,CUL_VIV,PROD,1998,0.848
A,AFNER3,MAI,CUL_VIV,PROD,1999,0.02
A,AFNER3,MAI,CUL_VIV,PROD,2000,1.272
A,AFNER3,MAI,CUL_VIV,PROD,2001,0.6086705799132
A,AFNER3,MAI,CUL_VIV,PROD,2002,0.103617
A,AFNER3,MAI,CUL_VIV,PROD,2003,0.330575
A,AFNER3,MAI,CUL_VIV,PROD,2004,2.678
A,AFNER3,MAI,CUL_VIV,PROD,2005,0.03
A,AFNER3,MAI,CUL_VIV,PROD,2006,0.886
A,AFNER3,MAI,CUL_VIV,PROD,2007,0.534
A,AFNER3,MAI,CUL_VIV,PROD,2008,3.932
A,AFNER3,MAI,CUL_VIV,PROD,2009,0.529
A,AFNER3,MAI,CUL_VIV,PROD,2010,3649.0
A,AFNER3,MAI,CUL_VIV,PROD,2011,2641.0
A,AFNER3,MAI,CUL_VIV,PROD,2012,4321.0
A,AFNER3,MAI,CUL_VIV,PROD,2013,4800.0
A,AFNER3,MAI,CUL_VIV,PROD,2014,5334.0
A,AFNER3,MAI,CUL_VIV,PROD,2015,2997.0
A,AFNER3,MAI,CUL_VIV,PROD,2016,3400.0
A,AFNER3,MAI,CUL_VIV,PROD,2017,2142.0
A,AFNER3,MAI,CUL_VIV,PROD,2018,2290.0
A,AFNER3,MAI,CUL_VIV,PROD,2019,2145.0
A,AFNER3,MAI,CUL_VIV,PROD,2020,2704.0
A,AFNER3,MAI,CUL_VIV,PROD,2021,1793.0
A,AFNER3,MAI,CUL_VIV,PROD,2022,2273.0
A,AFNER3,MAI,CUL_VIV,PROD,2023,1797.61
A,AFNER3,MAI,CUL_VIV,PROD,2024,2186.9243035
A,AFNER3,MIL,CUL_VIV,PROD,1990,241.3
A,AFNER3,MIL,CUL_VIV,PROD,1991,289.2
A,AFNER3,MIL,CUL_VIV,PROD,1992,335.5
A,AFNER3,MIL,CUL_VIV,PROD,1993,291.6
A,AFNER3,MIL,CUL_VIV,PROD,1994,338.4
A,AFNER3,MIL,CUL_VIV,PROD,1995,327.9
A,AFNER3,MIL,CUL_VIV,PROD,1996,324.396
A,AFNER3,MIL,CUL_VIV,PROD,1997,249.8
A,AFNER3,MIL,CUL_VIV,PROD,1998,351.65
A,AFNER3,MIL,CUL_VIV,PROD,1999,413.531
A,AFNER3,MIL,CUL_VIV,PROD,2000,308.597
A,AFNER3,MIL,CUL_VIV,PROD,2001,471.97359864998
A,AFNER3,MIL,CUL_VIV,PROD,2002,474.3660327
A,AFNER3,MIL,CUL_VIV,PROD,2003,484.803841481481
A,AFNER3,MIL,CUL_VIV,PROD,2004,485.913
A,AFNER3,MIL,CUL_VIV,PROD,2005,466.7
A,AFNER3,MIL,CUL_VIV,PROD,2006,614.532
A,AFNER3,MIL,CUL_VIV,PROD,2007,511.667
A,AFNER3,MIL,CUL_VIV,PROD,2008,716.567
A,AFNER3,MIL,CUL_VIV,PROD,2009,627.5
A,AFNER3,MIL,CUL_VIV,PROD,2010,759232.0
A,AFNER3,MIL,CUL_VIV,PROD,2011,552796.0
A,AFNER3,MIL,CUL_VIV,PROD,2012,686103.0
A,AFNER3,MIL,CUL_VIV,PROD,2013,733414.0
A,AFNER3,MIL,CUL_VIV,PROD,2014,758732.0
A,AFNER3,MIL,CUL_VIV,PROD,2015,790070.0
A,AFNER3,MIL,CUL_VIV,PROD,2016,813678.0
A,AFNER3,MIL,CUL_VIV,PROD,2017,651541.0
A,AFNER3,MIL,CUL_VIV,PROD,2018,677698.0
A,AFNER3,MIL,CUL_VIV,PROD,2019,601045.0
A,AFNER3,MIL,CUL_VIV,PROD,2020,655345.0
A,AFNER3,MIL,CUL_VIV,PROD,2021,467160.0
A,AFNER3,MIL,CUL_VIV,PROD,2022,625704.0
A,AFNER3,MIL,CUL_VIV,PROD,2023,544992.7
A,AFNER3,MIL,CUL_VIV,PROD,2024,723479.4602520999
A,AFNER3,NIE,CUL_VIV,PROD,1990,29.0
A,AFNER3,NIE,CUL_VIV,PROD,1991,106.9
A,AFNER3,NIE,CUL_VIV,PROD,1992,91.9
A,AFNER3,NIE,CUL_VIV,PROD,1993,12.4
A,AFNER3,NIE,CUL_VIV,PROD,1994,37.5
A,AFNER3,NIE,CUL_VIV,PROD,1995,24.1
A,AFNER3,NIE,CUL_VIV,PROD,1996,54.541
A,AFNER3,NIE,CUL_VIV,PROD,1997,61.1
A,AFNER3,NIE,CUL_VIV,PROD,1998,124.56
A,AFNER3,NIE,CUL_VIV,PROD,1999,73.58
A,AFNER3,NIE,CUL_VIV,PROD,2000,34.763
A,AFNER3,NIE,CUL_VIV,PROD,2001,120.574764630979
A,AFNER3,NIE,CUL_VIV,PROD,2002,99.590185
A,AFNER3,NIE,CUL_VIV,PROD,2003,99.526567
A,AFNER3,NIE,CUL_VIV,PROD,2004,62.751
A,AFNER3,NIE,CUL_VIV,PROD,2005,114.1
A,AFNER3,NIE,CUL_VIV,PROD,2006,119.313
A,AFNER3,NIE,CUL_VIV,PROD,2007,188.175
A,AFNER3,NIE,CUL_VIV,PROD,2008,329.131
A,AFNER3,NIE,CUL_VIV,PROD,2009,201.537
A,AFNER3,NIE,CUL_VIV,PROD,2010,374374.0
A,AFNER3,NIE,CUL_VIV,PROD,2011,275914.0
A,AFNER3,NIE,CUL_VIV,PROD,2012,253016.0
A,AFNER3,NIE,CUL_VIV,PROD,2013,351344.0
A,AFNER3,NIE,CUL_VIV,PROD,2014,257383.0
A,AFNER3,NIE,CUL_VIV,PROD,2015,341393.0
A,AFNER3,NIE,CUL_VIV,PROD,2016,362381.0
A,AFNER3,NIE,CUL_VIV,PROD,2017,273310.0
A,AFNER3,NIE,CUL_VIV,PROD,2018,411229.0
A,AFNER3,NIE,CUL_VIV,PROD,2019,530597.6200000001
A,AFNER3,NIE,CUL_VIV,PROD,2020,550113.0
A,AFNER3,NIE,CUL_VIV,PROD,2021,303292.0
A,AFNER3,NIE,CUL_VIV,PROD,2022,607248.0
A,AFNER3,NIE,CUL_VIV,PROD,2023,448864.14
A,AFNER3,NIE,CUL_VIV,PROD,2024,554733.1886026
A,AFNER3,RIZ,CUL_VIV,PROD,1990,3.1
A,AFNER3,RIZ,CUL_VIV,PROD,1991,6.7
A,AFNER3,RIZ,CUL_VIV,PROD,1992,12.7
A,AFNER3,RIZ,CUL_VIV,PROD,1993,
A,AFNER3,RIZ,CUL_VIV,PROD,1994,
A,AFNER3,RIZ,CUL_VIV,PROD,1995,10.0
A,AFNER3,RIZ,CUL_VIV,PROD,1996,1.188
A,AFNER3,RIZ,CUL_VIV,PROD,1997,
A,AFNER3,RIZ,CUL_VIV,PROD,1998,2.683
A,AFNER3,RIZ,CUL_VIV,PROD,1999,4.589
A,AFNER3,RIZ,CUL_VIV,PROD,2000,9.581
A,AFNER3,RIZ,CUL_VIV,PROD,2001,6.86187746338172
A,AFNER3,RIZ,CUL_VIV,PROD,2002,13.3945
A,AFNER3,RIZ,CUL_VIV,PROD,2003,5.193
A,AFNER3,RIZ,CUL_VIV,PROD,2004,17.275
A,AFNER3,RIZ,CUL_VIV,PROD,2005,0.06
A,AFNER3,RIZ,CUL_VIV,PROD,2006,5.022
A,AFNER3,RIZ,CUL_VIV,PROD,2007,5.508
A,AFNER3,RIZ,CUL_VIV,PROD,2008,4.857
A,AFNER3,RIZ,CUL_VIV,PROD,2009,10.4
A,AFNER3,RIZ,CUL_VIV,PROD,2010,4047.0
A,AFNER3,RIZ,CUL_VIV,PROD,2011,3735.0
A,AFNER3,RIZ,CUL_VIV,PROD,2012,3185.0
A,AFNER3,RIZ,CUL_VIV,PROD,2013,11337.0
A,AFNER3,RIZ,CUL_VIV,PROD,2014,7774.0
A,AFNER3,RIZ,CUL_VIV,PROD,2015,6039.0
A,AFNER3,RIZ,CUL_VIV,PROD,2016,4598.0
A,AFNER3,RIZ,CUL_VIV,PROD,2017,4581.0
A,AFNER3,RIZ,CUL_VIV,PROD,2018,3649.0
A,AFNER3,RIZ,CUL_VIV,PROD,2019,5525.0
A,AFNER3,RIZ,CUL_VIV,PROD,2020,13011.0
A,AFNER3,RIZ,CUL_VIV,PROD,2021,7330.0
A,AFNER3,RIZ,CUL_VIV,PROD,2022,11201.0
A,AFNER3,RIZ,CUL_VIV,PROD,2023,9996.02
A,AFNER3,RIZ,CUL_VIV,PROD,2024,13833.0868718
A,AFNER3,SOR,CUL_VIV,PROD,1990,20.2
A,AFNER3,SOR,CUL_VIV,PROD,1991,18.3
A,AFNER3,SOR,CUL_VIV,PROD,1992,14.4
A,AFNER3,SOR,CUL_VIV,PROD,1993,12.1
A,AFNER3,SOR,CUL_VIV,PROD,1994,23.4
A,AFNER3,SOR,CUL_VIV,PROD,1995,10.7
A,AFNER3,SOR,CUL_VIV,PROD,1996,23.341
A,AFNER3,SOR,CUL_VIV,PROD,1997,10.9
A,AFNER3,SOR,CUL_VIV,PROD,1998,21.143
A,AFNER3,SOR,CUL_VIV,PROD,1999,26.477
A,AFNER3,SOR,CUL_VIV,PROD,2000,9.975
A,AFNER3,SOR,CUL_VIV,PROD,2001,22.2880884582706
A,AFNER3,SOR,CUL_VIV,PROD,2002,41.5528914
A,AFNER3,SOR,CUL_VIV,PROD,2003,41.844132
A,AFNER3,SOR,CUL_VIV,PROD,2004,45.988
A,AFNER3,SOR,CUL_VIV,PROD,2005,51.9
A,AFNER3,SOR,CUL_VIV,PROD,2006,53.068
A,AFNER3,SOR,CUL_VIV,PROD,2007,68.942
A,AFNER3,SOR,CUL_VIV,PROD,2008,126.109
A,AFNER3,SOR,CUL_VIV,PROD,2009,57.6
A,AFNER3,SOR,CUL_VIV,PROD,2010,82305.0
A,AFNER3,SOR,CUL_VIV,PROD,2011,46641.0
A,AFNER3,SOR,CUL_VIV,PROD,2012,76801.0
A,AFNER3,SOR,CUL_VIV,PROD,2013,99031.0
A,AFNER3,SOR,CUL_VIV,PROD,2014,97629.0
A,AFNER3,SOR,CUL_VIV,PROD,2015,144341.0
A,AFNER3,SOR,CUL_VIV,PROD,2016,156020.0
A,AFNER3,SOR,CUL_VIV,PROD,2017,176111.0
A,AFNER3,SOR,CUL_VIV,PROD,2018,213468.0
A,AFNER3,SOR,CUL_VIV,PROD,2019,184002.0
A,AFNER3,SOR,CUL_VIV,PROD,2020,192273.0
A,AFNER3,SOR,CUL_VIV,PROD,2021,123065.0
A,AFNER3,SOR,CUL_VIV,PROD,2022,207314.0
A,AFNER3,SOR,CUL_VIV,PROD,2023,170038.46
A,AFNER3,SOR,CUL_VIV,PROD,2024,168389.32889099998
A,AFNER4,ARA,CUL_IND,PROD,1990,6.3
A,AFNER4,ARA,CUL_IND,PROD,1991,15.1
A,AFNER4,ARA,CUL_IND,PROD,1992,26.8
A,AFNER4,ARA,CUL_IND,PROD,1993,10.1
A,AFNER4,ARA,CUL_IND,PROD,1994,20.2
A,AFNER4,ARA,CUL_IND,PROD,1995,34.7
A,AFNER4,ARA,CUL_IND,PROD,1996,36.096
A,AFNER4,ARA,CUL_IND,PROD,1997,54.8
A,AFNER4,ARA,CUL_IND,PROD,1998,53.809
A,AFNER4,ARA,CUL_IND,PROD,1999,38.437
A,AFNER4,ARA,CUL_IND,PROD,2000,59.603
A,AFNER4,ARA,CUL_IND,PROD,2001,52.9772164286049
A,AFNER4,ARA,CUL_IND,PROD,2002,48.809001
A,AFNER4,ARA,CUL_IND,PROD,2003,84.104606
A,AFNER4,ARA,CUL_IND,PROD,2004,75.644
A,AFNER4,ARA,CUL_IND,PROD,2005,64.5
A,AFNER4,ARA,CUL_IND,PROD,2006,68.29
A,AFNER4,ARA,CUL_IND,PROD,2007,54.477
A,AFNER4,ARA,CUL_IND,PROD,2008,145.514
A,AFNER4,ARA,CUL_IND,PROD,2009,109.784
A,AFNER4,ARA,CUL_IND,PROD,2010,202479.0
A,AFNER4,ARA,CUL_IND,PROD,2011,217106.0
A,AFNER4,ARA,CUL_IND,PROD,2012,108926.0
A,AFNER4,ARA,CUL_IND,PROD,2013,159882.0
A,AFNER4,ARA,CUL_IND,PROD,2014,151182.0
A,AFNER4,ARA,CUL_IND,PROD,2015,173957.0
A,AFNER4,ARA,CUL_IND,PROD,2016,171208.0
A,AFNER4,ARA,CUL_IND,PROD,2017,168700.0
A,AFNER4,ARA,CUL_IND,PROD,2018,219612.0
A,AFNER4,ARA,CUL_IND,PROD,2019,203944.0
A,AFNER4,ARA,CUL_IND,PROD,2020,236727.0
A,AFNER4,ARA,CUL_IND,PROD,2021,168103.0
A,AFNER4,ARA,CUL_IND,PROD,2022,210726.0
A,AFNER4,ARA,CUL_IND,PROD,2023,208359.16
A,AFNER4,ARA,CUL_IND,PROD,2024,244647.1102911
A,AFNER4,MAI,CUL_VIV,PROD,1990,
A,AFNER4,MAI,CUL_VIV,PROD,1991,
A,AFNER4,MAI,CUL_VIV,PROD,1992,
A,AFNER4,MAI,CUL_VIV,PROD,1993,
A,AFNER4,MAI,CUL_VIV,PROD,1994,
A,AFNER4,MAI,CUL_VIV,PROD,1995,0.2
A,AFNER4,MAI,CUL_VIV,PROD,1996,0.995
A,AFNER4,MAI,CUL_VIV,PROD,1997,
A,AFNER4,MAI,CUL_VIV,PROD,1998,
A,AFNER4,MAI,CUL_VIV,PROD,1999,
A,AFNER4,MAI,CUL_VIV,PROD,2000,
A,AFNER4,MAI,CUL_VIV,PROD,2001,0.071656390491508
A,AFNER4,MAI,CUL_VIV,PROD,2002,0.08635
A,AFNER4,MAI,CUL_VIV,PROD,2003,0.08473
A,AFNER4,MAI,CUL_VIV,PROD,2004,0.136
A,AFNER4,MAI,CUL_VIV,PROD,2005,0.05
A,AFNER4,MAI,CUL_VIV,PROD,2006,0.977
A,AFNER4,MAI,CUL_VIV,PROD,2007,0.892
A,AFNER4,MAI,CUL_VIV,PROD,2008,2.376
A,AFNER4,MAI,CUL_VIV,PROD,2009,0.134
A,AFNER4,MAI,CUL_VIV,PROD,2010,2651.0
A,AFNER4,MAI,CUL_VIV,PROD,2011,596.0
A,AFNER4,MAI,CUL_VIV,PROD,2012,1184.0
A,AFNER4,MAI,CUL_VIV,PROD,2013,514.0
A,AFNER4,MAI,CUL_VIV,PROD,2014,961.0
A,AFNER4,MAI,CUL_VIV,PROD,2015,717.0
A,AFNER4,MAI,CUL_VIV,PROD,2016,1080.0
A,AFNER4,MAI,CUL_VIV,PROD,2017,1105.705
A,AFNER4,MAI,CUL_VIV,PROD,2018,1059.0
A,AFNER4,MAI,CUL_VIV,PROD,2019,984.0
A,AFNER4,MAI,CUL_VIV,PROD,2020,1152.0
A,AFNER4,MAI,CUL_VIV,PROD,2021,726.0
A,AFNER4,MAI,CUL_VIV,PROD,2022,1641.0
A,AFNER4,MAI,CUL_VIV,PROD,2023,1757.81
A,AFNER4,MAI,CUL_VIV,PROD,2024,2313.1399609
A,AFNER4,MIL,CUL_VIV,PROD,1990,280.1
A,AFNER4,MIL,CUL_VIV,PROD,1991,349.6
A,AFNER4,MIL,CUL_VIV,PROD,1992,400.6
A,AFNER4,MIL,CUL_VIV,PROD,1993,323.4
A,AFNER4,MIL,CUL_VIV,PROD,1994,433.7
A,AFNER4,MIL,CUL_VIV,PROD,1995,474.5
A,AFNER4,MIL,CUL_VIV,PROD,1996,386.175
A,AFNER4,MIL,CUL_VIV,PROD,1997,368.7
A,AFNER4,MIL,CUL_VIV,PROD,1998,579.954
A,AFNER4,MIL,CUL_VIV,PROD,1999,424.254
A,AFNER4,MIL,CUL_VIV,PROD,2000,381.764
A,AFNER4,MIL,CUL_VIV,PROD,2001,424.270160436471
A,AFNER4,MIL,CUL_VIV,PROD,2002,513.2671688
A,AFNER4,MIL,CUL_VIV,PROD,2003,635.987317
A,AFNER4,MIL,CUL_VIV,PROD,2004,432.693
A,AFNER4,MIL,CUL_VIV,PROD,2005,524.4
A,AFNER4,MIL,CUL_VIV,PROD,2006,666.839
A,AFNER4,MIL,CUL_VIV,PROD,2007,630.981
A,AFNER4,MIL,CUL_VIV,PROD,2008,776.289
A,AFNER4,MIL,CUL_VIV,PROD,2009,615.7
A,AFNER4,MIL,CUL_VIV,PROD,2010,866999.0
A,AFNER4,MIL,CUL_VIV,PROD,2011,650224.0
A,AFNER4,MIL,CUL_VIV,PROD,2012,871999.0
A,AFNER4,MIL,CUL_VIV,PROD,2013,580851.0
A,AFNER4,MIL,CUL_VIV,PROD,2014,736751.0
A,AFNER4,MIL,CUL_VIV,PROD,2015,813636.0
A,AFNER4,MIL,CUL_VIV,PROD,2016,800337.0
A,AFNER4,MIL,CUL_VIV,PROD,2017,857273.0
A,AFNER4,MIL,CUL_VIV,PROD,2018,909627.0
A,AFNER4,MIL,CUL_VIV,PROD,2019,695648.0
A,AFNER4,MIL,CUL_VIV,PROD,2020,785002.0
A,AFNER4,MIL,CUL_VIV,PROD,2021,637299.0
A,AFNER4,MIL,CUL_VIV,PROD,2022,839716.0
A,AFNER4,MIL,CUL_VIV,PROD,2023,850611.99
A,AFNER4,MIL,CUL_VIV,PROD,2024,945050.3954124
A,AFNER4,NIE,CUL_VIV,PROD,1990,57.5
A,AFNER4,NIE,CUL_VIV,PROD,1991,108.8
A,AFNER4,NIE,CUL_VIV,PROD,1992,35.4
A,AFNER4,NIE,CUL_VIV,PROD,1993,17.7
A,AFNER4,NIE,CUL_VIV,PROD,1994,57.1
A,AFNER4,NIE,CUL_VIV,PROD,1995,41.3
A,AFNER4,NIE,CUL_VIV,PROD,1996,58.204
A,AFNER4,NIE,CUL_VIV,PROD,1997,34.5
A,AFNER4,NIE,CUL_VIV,PROD,1998,176.486
A,AFNER4,NIE,CUL_VIV,PROD,1999,95.963
A,AFNER4,NIE,CUL_VIV,PROD,2000,77.901
A,AFNER4,NIE,CUL_VIV,PROD,2001,85.2794609185647
A,AFNER4,NIE,CUL_VIV,PROD,2002,105.153561
A,AFNER4,NIE,CUL_VIV,PROD,2003,85.459866
A,AFNER4,NIE,CUL_VIV,PROD,2004,56.924
A,AFNER4,NIE,CUL_VIV,PROD,2005,105.6
A,AFNER4,NIE,CUL_VIV,PROD,2006,180.26
A,AFNER4,NIE,CUL_VIV,PROD,2007,192.78
A,AFNER4,NIE,CUL_VIV,PROD,2008,417.23
A,AFNER4,NIE,CUL_VIV,PROD,2009,168.168
A,AFNER4,NIE,CUL_VIV,PROD,2010,456728.0
A,AFNER4,NIE,CUL_VIV,PROD,2011,631442.0
A,AFNER4,NIE,CUL_VIV,PROD,2012,306415.0
A,AFNER4,NIE,CUL_VIV,PROD,2013,343072.0
A,AFNER4,NIE,CUL_VIV,PROD,2014,377567.0
A,AFNER4,NIE,CUL_VIV,PROD,2015,303795.0
A,AFNER4,NIE,CUL_VIV,PROD,2016,414573.0
A,AFNER4,NIE,CUL_VIV,PROD,2017,448793.37656
A,AFNER4,NIE,CUL_VIV,PROD,2018,516635.0
A,AFNER4,NIE,CUL_VIV,PROD,2019,484854.34
A,AFNER4,NIE,CUL_VIV,PROD,2020,583004.0
A,AFNER4,NIE,CUL_VIV,PROD,2021,452491.0
A,AFNER4,NIE,CUL_VIV,PROD,2022,655801.0
A,AFNER4,NIE,CUL_VIV,PROD,2023,461374.27
A,AFNER4,NIE,CUL_VIV,PROD,2024,668219.2505471001
A,AFNER4,RIZ,CUL_VIV,PROD,1990,
A,AFNER4,RIZ,CUL_VIV,PROD,1991,
A,AFNER4,RIZ,CUL_VIV,PROD,1992,
A,AFNER4,RIZ,CUL_VIV,PROD,1993,
A,AFNER4,RIZ,CUL_VIV,PROD,1994,0.5
A,AFNER4,RIZ,CUL_VIV,PROD,1995,
A,AFNER4,RIZ,CUL_VIV,PROD,1996,
A,AFNER4,RIZ,CUL_VIV,PROD,1997,
A,AFNER4,RIZ,CUL_VIV,PROD,1998,
A,AFNER4,RIZ,CUL_VIV,PROD,1999,
A,AFNER4,RIZ,CUL_VIV,PROD,2000,
A,AFNER4,RIZ,CUL_VIV,PROD,2001,
A,AFNER4,RIZ,CUL_VIV,PROD,2002,
A,AFNER4,RIZ,CUL_VIV,PROD,2003,
A,AFNER4,RIZ,CUL_VIV,PROD,2004,
A,AFNER4,RIZ,CUL_VIV,PROD,2005,
A,AFNER4,RIZ,CUL_VIV,PROD,2006,
A,AFNER4,RIZ,CUL_VIV,PROD,2007,
A,AFNER4,RIZ,CUL_VIV,PROD,2008,
A,AFNER4,RIZ,CUL_VIV,PROD,2009,
A,AFNER4,RIZ,CUL_VIV,PROD,2010,
A,AFNER4,RIZ,CUL_VIV,PROD,2011,
A,AFNER4,RIZ,CUL_VIV,PROD,2012,
A,AFNER4,RIZ,CUL_VIV,PROD,2013,
A,AFNER4,RIZ,CUL_VIV,PROD,2014,
A,AFNER4,RIZ,CUL_VIV,PROD,2015,
A,AFNER4,RIZ,CUL_VIV,PROD,2016,
A,AFNER4,RIZ,CUL_VIV,PROD,2017,
A,AFNER4,RIZ,CUL_VIV,PROD,2018,
A,AFNER4,RIZ,CUL_VIV,PROD,2019,
A,AFNER4,RIZ,CUL_VIV,PROD,2020,
A,AFNER4,RIZ,CUL_VIV,PROD,2021,
A,AFNER4,RIZ,CUL_VIV,PROD,2022,
A,AFNER4,RIZ,CUL_VIV,PROD,2023,2085.7
A,AFNER4,RIZ,CUL_VIV,PROD,2024,2184.671208
A,AFNER4,SOR,CUL_VIV,PROD,1990,89.3
A,AFNER4,SOR,CUL_VIV,PROD,1991,158.4
A,AFNER4,SOR,CUL_VIV,PROD,1992,67.7
A,AFNER4,SOR,CUL_VIV,PROD,1993,62.8
A,AFNER4,SOR,CUL_VIV,PROD,1994,136.7
A,AFNER4,SOR,CUL_VIV,PROD,1995,75.1
A,AFNER4,SOR,CUL_VIV,PROD,1996,85.269
A,AFNER4,SOR,CUL_VIV,PROD,1997,83.7
A,AFNER4,SOR,CUL_VIV,PROD,1998,130.016
A,AFNER4,SOR,CUL_VIV,PROD,1999,131.367
A,AFNER4,SOR,CUL_VIV,PROD,2000,109.857
A,AFNER4,SOR,CUL_VIV,PROD,2001,221.836375788831
A,AFNER4,SOR,CUL_VIV,PROD,2002,198.3225945
A,AFNER4,SOR,CUL_VIV,PROD,2003,247.88184
A,AFNER4,SOR,CUL_VIV,PROD,2004,185.165
A,AFNER4,SOR,CUL_VIV,PROD,2005,320.8
A,AFNER4,SOR,CUL_VIV,PROD,2006,303.199
A,AFNER4,SOR,CUL_VIV,PROD,2007,322.001
A,AFNER4,SOR,CUL_VIV,PROD,2008,336.981
A,AFNER4,SOR,CUL_VIV,PROD,2009,223.6
A,AFNER4,SOR,CUL_VIV,PROD,2010,326915.0
A,AFNER4,SOR,CUL_VIV,PROD,2011,282454.0
A,AFNER4,SOR,CUL_VIV,PROD,2012,401519.0
A,AFNER4,SOR,CUL_VIV,PROD,2013,410085.0
A,AFNER4,SOR,CUL_VIV,PROD,2014,436066.0
A,AFNER4,SOR,CUL_VIV,PROD,2015,627856.0
A,AFNER4,SOR,CUL_VIV,PROD,2016,488719.0
A,AFNER4,SOR,CUL_VIV,PROD,2017,575974.0
A,AFNER4,SOR,CUL_VIV,PROD,2018,620371.0
A,AFNER4,SOR,CUL_VIV,PROD,2019,532959.0
A,AFNER4,SOR,CUL_VIV,PROD,2020,657475.0
A,AFNER4,SOR,CUL_VIV,PROD,2021,430362.0
A,AFNER4,SOR,CUL_VIV,PROD,2022,617623.0
A,AFNER4,SOR,CUL_VIV,PROD,2023,628545.67
A,AFNER4,SOR,CUL_VIV,PROD,2024,645911.6460749
A,AFNER5,ARA,CUL_IND,PROD,1990,0.6
A,AFNER5,ARA,CUL_IND,PROD,1991,0.3
A,AFNER5,ARA,CUL_IND,PROD,1992,2.2
A,AFNER5,ARA,CUL_IND,PROD,1993,1.3
A,AFNER5,ARA,CUL_IND,PROD,1994,1.2
A,AFNER5,ARA,CUL_IND,PROD,1995,5.2
A,AFNER5,ARA,CUL_IND,PROD,1996,38.82
A,AFNER5,ARA,CUL_IND,PROD,1997,1.8
A,AFNER5,ARA,CUL_IND,PROD,1998,9.604
A,AFNER5,ARA,CUL_IND,PROD,1999,3.021
A,AFNER5,ARA,CUL_IND,PROD,2000,5.87
A,AFNER5,ARA,CUL_IND,PROD,2001,3.98271
A,AFNER5,ARA,CUL_IND,PROD,2002,54.832295
A,AFNER5,ARA,CUL_IND,PROD,2003,61.090713
A,AFNER5,ARA,CUL_IND,PROD,2004,36.489
A,AFNER5,ARA,CUL_IND,PROD,2005,7.4
A,AFNER5,ARA,CUL_IND,PROD,2006,6.415
A,AFNER5,ARA,CUL_IND,PROD,2007,9.101
A,AFNER5,ARA,CUL_IND,PROD,2008,17.994
A,AFNER5,ARA,CUL_IND,PROD,2009,34.625
A,AFNER5,ARA,CUL_IND,PROD,2010,30383.0
A,AFNER5,ARA,CUL_IND,PROD,2011,13023.0
A,AFNER5,ARA,CUL_IND,PROD,2012,25538.0
A,AFNER5,ARA,CUL_IND,PROD,2013,23099.0
A,AFNER5,ARA,CUL_IND,PROD,2014,30335.0
A,AFNER5,ARA,CUL_IND,PROD,2015,40083.0
A,AFNER5,ARA,CUL_IND,PROD,2016,31809.0
A,AFNER5,ARA,CUL_IND,PROD,2017,41061.0
A,AFNER5,ARA,CUL_IND,PROD,2018,46319.0
A,AFNER5,ARA,CUL_IND,PROD,2019,42068.0
A,AFNER5,ARA,CUL_IND,PROD,2020,49712.0
A,AFNER5,ARA,CUL_IND,PROD,2021,34138.0
A,AFNER5,ARA,CUL_IND,PROD,2022,53283.0
A,AFNER5,ARA,CUL_IND,PROD,2023,42833.39
A,AFNER5,ARA,CUL_IND,PROD,2024,45024.54069200001
A,AFNER5,MAI,CUL_VIV,PROD,1990,
A,AFNER5,MAI,CUL_VIV,PROD,1991,0.1
A,AFNER5,MAI,CUL_VIV,PROD,1992,
A,AFNER5,MAI,CUL_VIV,PROD,1993,
A,AFNER5,MAI,CUL_VIV,PROD,1994,0.3
A,AFNER5,MAI,CUL_VIV,PROD,1995,
A,AFNER5,MAI,CUL_VIV,PROD,1996,0.389
A,AFNER5,MAI,CUL_VIV,PROD,1997,
A,AFNER5,MAI,CUL_VIV,PROD,1998,
A,AFNER5,MAI,CUL_VIV,PROD,1999,
A,AFNER5,MAI,CUL_VIV,PROD,2000,
A,AFNER5,MAI,CUL_VIV,PROD,2001,0.076608
A,AFNER5,MAI,CUL_VIV,PROD,2002,0.392
A,AFNER5,MAI,CUL_VIV,PROD,2003,
A,AFNER5,MAI,CUL_VIV,PROD,2004,
A,AFNER5,MAI,CUL_VIV,PROD,2005,
A,AFNER5,MAI,CUL_VIV,PROD,2006,
A,AFNER5,MAI,CUL_VIV,PROD,2007,0.312
A,AFNER5,MAI,CUL_VIV,PROD,2008,1.718
A,AFNER5,MAI,CUL_VIV,PROD,2009,0.014
A,AFNER5,MAI,CUL_VIV,PROD,2010,2307.0
A,AFNER5,MAI,CUL_VIV,PROD,2011,1356.0
A,AFNER5,MAI,CUL_VIV,PROD,2012,2189.0
A,AFNER5,MAI,CUL_VIV,PROD,2013,1201.0
A,AFNER5,MAI,CUL_VIV,PROD,2014,1731.0
A,AFNER5,MAI,CUL_VIV,PROD,2015,1575.0
A,AFNER5,MAI,CUL_VIV,PROD,2016,1927.0
A,AFNER5,MAI,CUL_VIV,PROD,2017,1693.0
A,AFNER5,MAI,CUL_VIV,PROD,2018,1355.0
A,AFNER5,MAI,CUL_VIV,PROD,2019,1242.0
A,AFNER5,MAI,CUL_VIV,PROD,2020,1176.0
A,AFNER5,MAI,CUL_VIV,PROD,2021,840.0
A,AFNER5,MAI,CUL_VIV,PROD,2022,1237.0
A,AFNER5,MAI,CUL_VIV,PROD,2023,1342.47
A,AFNER5,MAI,CUL_VIV,PROD,2024,860.832864
A,AFNER5,MIL,CUL_VIV,PROD,1990,135.1
A,AFNER5,MIL,CUL_VIV,PROD,1991,300.0
A,AFNER5,MIL,CUL_VIV,PROD,1992,293.3
A,AFNER5,MIL,CUL_VIV,PROD,1993,210.4
A,AFNER5,MIL,CUL_VIV,PROD,1994,373.8
A,AFNER5,MIL,CUL_VIV,PROD,1995,343.2
A,AFNER5,MIL,CUL_VIV,PROD,1996,410.726
A,AFNER5,MIL,CUL_VIV,PROD,1997,280.5
A,AFNER5,MIL,CUL_VIV,PROD,1998,439.751
A,AFNER5,MIL,CUL_VIV,PROD,1999,422.335
A,AFNER5,MIL,CUL_VIV,PROD,2000,323.925
A,AFNER5,MIL,CUL_VIV,PROD,2001,424.572893239347
A,AFNER5,MIL,CUL_VIV,PROD,2002,471.73981754
A,AFNER5,MIL,CUL_VIV,PROD,2003,495.09992
A,AFNER5,MIL,CUL_VIV,PROD,2004,333.604
A,AFNER5,MIL,CUL_VIV,PROD,2005,489.2
A,AFNER5,MIL,CUL_VIV,PROD,2006,623.879
A,AFNER5,MIL,CUL_VIV,PROD,2007,584.606
A,AFNER5,MIL,CUL_VIV,PROD,2008,725.914
A,AFNER5,MIL,CUL_VIV,PROD,2009,460.1
A,AFNER5,MIL,CUL_VIV,PROD,2010,728989.0
A,AFNER5,MIL,CUL_VIV,PROD,2011,548077.0
A,AFNER5,MIL,CUL_VIV,PROD,2012,757449.0
A,AFNER5,MIL,CUL_VIV,PROD,2013,559958.0
A,AFNER5,MIL,CUL_VIV,PROD,2014,720199.0
A,AFNER5,MIL,CUL_VIV,PROD,2015,627767.0
A,AFNER5,MIL,CUL_VIV,PROD,2016,718969.0
A,AFNER5,MIL,CUL_VIV,PROD,2017,732059.0
A,AFNER5,MIL,CUL_VIV,PROD,2018,760234.0
A,AFNER5,MIL,CUL_VIV,PROD,2019,698124.0
A,AFNER5,MIL,CUL_VIV,PROD,2020,749712.0
A,AFNER5,MIL,CUL_VIV,PROD,2021,361007.0
A,AFNER5,MIL,CUL_VIV,PROD,2022,752196.0
A,AFNER5,MIL,CUL_VIV,PROD,2023,666778.48
A,AFNER5,MIL,CUL_VIV,PROD,2024,830511.1832332999
A,AFNER5,NIE,CUL_VIV,PROD,1990,4.0
A,AFNER5,NIE,CUL_VIV,PROD,1991,40.7
A,AFNER5,NIE,CUL_VIV,PROD,1992,77.0
A,AFNER5,NIE,CUL_VIV,PROD,1993,16.9
A,AFNER5,NIE,CUL_VIV,PROD,1994,94.9
A,AFNER5,NIE,CUL_VIV,PROD,1995,15.7
A,AFNER5,NIE,CUL_VIV,PROD,1996,93.916
A,AFNER5,NIE,CUL_VIV,PROD,1997,46.5
A,AFNER5,NIE,CUL_VIV,PROD,1998,124.448
A,AFNER5,NIE,CUL_VIV,PROD,1999,99.722
A,AFNER5,NIE,CUL_VIV,PROD,2000,35.983
A,AFNER5,NIE,CUL_VIV,PROD,2001,122.835322
A,AFNER5,NIE,CUL_VIV,PROD,2002,99.847167
A,AFNER5,NIE,CUL_VIV,PROD,2003,103.248404
A,AFNER5,NIE,CUL_VIV,PROD,2004,73.215
A,AFNER5,NIE,CUL_VIV,PROD,2005,173.2
A,AFNER5,NIE,CUL_VIV,PROD,2006,177.697
A,AFNER5,NIE,CUL_VIV,PROD,2007,59.58
A,AFNER5,NIE,CUL_VIV,PROD,2008,296.726
A,AFNER5,NIE,CUL_VIV,PROD,2009,182.602
A,AFNER5,NIE,CUL_VIV,PROD,2010,291141.0
A,AFNER5,NIE,CUL_VIV,PROD,2011,182235.0
A,AFNER5,NIE,CUL_VIV,PROD,2012,341060.0
A,AFNER5,NIE,CUL_VIV,PROD,2013,558478.0
A,AFNER5,NIE,CUL_VIV,PROD,2014,278215.0
A,AFNER5,NIE,CUL_VIV,PROD,2015,265225.0
A,AFNER5,NIE,CUL_VIV,PROD,2016,390290.0
A,AFNER5,NIE,CUL_VIV,PROD,2017,333576.0
A,AFNER5,NIE,CUL_VIV,PROD,2018,440281.0
A,AFNER5,NIE,CUL_VIV,PROD,2019,422055.2
A,AFNER5,NIE,CUL_VIV,PROD,2020,472961.0
A,AFNER5,NIE,CUL_VIV,PROD,2021,315813.0
A,AFNER5,NIE,CUL_VIV,PROD,2022,451129.0
A,AFNER5,NIE,CUL_VIV,PROD,2023,384910.84
A,AFNER5,NIE,CUL_VIV,PROD,2024,468397.4884084
A,AFNER5,RIZ,CUL_VIV,PROD,1990,
A,AFNER5,RIZ,CUL_VIV,PROD,1991,
A,AFNER5,RIZ,CUL_VIV,PROD,1992,
A,AFNER5,RIZ,CUL_VIV,PROD,1993,0.1
A,AFNER5,RIZ,CUL_VIV,PROD,1994,
A,AFNER5,RIZ,CUL_VIV,PROD,1995,
A,AFNER5,RIZ,CUL_VIV,PROD,1996,
A,AFNER5,RIZ,CUL_VIV,PROD,1997,
A,AFNER5,RIZ,CUL_VIV,PROD,1998,
A,AFNER5,RIZ,CUL_VIV,PROD,1999,
A,AFNER5,RIZ,CUL_VIV,PROD,2000,
A,AFNER5,RIZ,CUL_VIV,PROD,2001,
A,AFNER5,RIZ,CUL_VIV,PROD,2002,
A,AFNER5,RIZ,CUL_VIV,PROD,2003,
A,AFNER5,RIZ,CUL_VIV,PROD,2004,
A,AFNER5,RIZ,CUL_VIV,PROD,2005,
A,AFNER5,RIZ,CUL_VIV,PROD,2006,
A,AFNER5,RIZ,CUL_VIV,PROD,2007,
A,AFNER5,RIZ,CUL_VIV,PROD,2008,
A,AFNER5,RIZ,CUL_VIV,PROD,2009,
A,AFNER5,RIZ,CUL_VIV,PROD,2010,
A,AFNER5,RIZ,CUL_VIV,PROD,2011,
A,AFNER5,RIZ,CUL_VIV,PROD,2012,
A,AFNER5,RIZ,CUL_VIV,PROD,2013,
A,AFNER5,RIZ,CUL_VIV,PROD,2014,
A,AFNER5,RIZ,CUL_VIV,PROD,2015,
A,AFNER5,RIZ,CUL_VIV,PROD,2016,
A,AFNER5,RIZ,CUL_VIV,PROD,2017,3727.0
A,AFNER5,RIZ,CUL_VIV,PROD,2018,2341.0
A,AFNER5,RIZ,CUL_VIV,PROD,2019,2083.0
A,AFNER5,RIZ,CUL_VIV,PROD,2020,945.0
A,AFNER5,RIZ,CUL_VIV,PROD,2021,865.0
A,AFNER5,RIZ,CUL_VIV,PROD,2022,10613.0
A,AFNER5,RIZ,CUL_VIV,PROD,2023,4018.61
A,AFNER5,RIZ,CUL_VIV,PROD,2024,4438.731626
A,AFNER5,SOR,CUL_VIV,PROD,1990,49.0
A,AFNER5,SOR,CUL_VIV,PROD,1991,122.2
A,AFNER5,SOR,CUL_VIV,PROD,1992,89.4
A,AFNER5,SOR,CUL_VIV,PROD,1993,42.1
A,AFNER5,SOR,CUL_VIV,PROD,1994,71.1
A,AFNER5,SOR,CUL_VIV,PROD,1995,57.6
A,AFNER5,SOR,CUL_VIV,PROD,1996,87.985
A,AFNER5,SOR,CUL_VIV,PROD,1997,36.6
A,AFNER5,SOR,CUL_VIV,PROD,1998,92.819
A,AFNER5,SOR,CUL_VIV,PROD,1999,96.504
A,AFNER5,SOR,CUL_VIV,PROD,2000,72.379
A,AFNER5,SOR,CUL_VIV,PROD,2001,122.918738746281
A,AFNER5,SOR,CUL_VIV,PROD,2002,108.05640212
A,AFNER5,SOR,CUL_VIV,PROD,2003,168.553442
A,AFNER5,SOR,CUL_VIV,PROD,2004,99.427
A,AFNER5,SOR,CUL_VIV,PROD,2005,212.7
A,AFNER5,SOR,CUL_VIV,PROD,2006,190.692
A,AFNER5,SOR,CUL_VIV,PROD,2007,193.562
A,AFNER5,SOR,CUL_VIV,PROD,2008,281.087
A,AFNER5,SOR,CUL_VIV,PROD,2009,184.9
A,AFNER5,SOR,CUL_VIV,PROD,2010,379098.0
A,AFNER5,SOR,CUL_VIV,PROD,2011,147503.0
A,AFNER5,SOR,CUL_VIV,PROD,2012,388049.0
A,AFNER5,SOR,CUL_VIV,PROD,2013,283021.0
A,AFNER5,SOR,CUL_VIV,PROD,2014,316430.0
A,AFNER5,SOR,CUL_VIV,PROD,2015,373437.0
A,AFNER5,SOR,CUL_VIV,PROD,2016,328410.0
A,AFNER5,SOR,CUL_VIV,PROD,2017,376044.0
A,AFNER5,SOR,CUL_VIV,PROD,2018,450258.0
A,AFNER5,SOR,CUL_VIV,PROD,2019,414654.0
A,AFNER5,SOR,CUL_VIV,PROD,2020,420876.0
A,AFNER5,SOR,CUL_VIV,PROD,2021,209944.0
A,AFNER5,SOR,CUL_VIV,PROD,2022,375643.0
A,AFNER5,SOR,CUL_VIV,PROD,2023,351518.21
A,AFNER5,SOR,CUL_VIV,PROD,2024,358434.8604157
A,AFNER6,ARA,CUL_IND,PROD,1990,0.5
A,AFNER6,ARA,CUL_IND,PROD,1991,13.1
A,AFNER6,ARA,CUL_IND,PROD,1992,
A,AFNER6,ARA,CUL_IND,PROD,1993,0.4
A,AFNER6,ARA,CUL_IND,PROD,1994,1.2
A,AFNER6,ARA,CUL_IND,PROD,1995,0.5
A,AFNER6,ARA,CUL_IND,PROD,1996,43.635
A,AFNER6,ARA,CUL_IND,PROD,1997,2.1
A,AFNER6,ARA,CUL_IND,PROD,1998,3.421
A,AFNER6,ARA,CUL_IND,PROD,1999,8.758
A,AFNER6,ARA,CUL_IND,PROD,2000,1.051
A,AFNER6,ARA,CUL_IND,PROD,2001,2.09060466025901
A,AFNER6,ARA,CUL_IND,PROD,2002,3.359
A,AFNER6,ARA,CUL_IND,PROD,2003,3.561013
A,AFNER6,ARA,CUL_IND,PROD,2004,1.035
A,AFNER6,ARA,CUL_IND,PROD,2005,1.3
A,AFNER6,ARA,CUL_IND,PROD,2006,2.392
A,AFNER6,ARA,CUL_IND,PROD,2007,3.658
A,AFNER6,ARA,CUL_IND,PROD,2008,10.972
A,AFNER6,ARA,CUL_IND,PROD,2009,13.01
A,AFNER6,ARA,CUL_IND,PROD,2010,12069.0
A,AFNER6,ARA,CUL_IND,PROD,2011,2378.0
A,AFNER6,ARA,CUL_IND,PROD,2012,9334.0
A,AFNER6,ARA,CUL_IND,PROD,2013,5303.0
A,AFNER6,ARA,CUL_IND,PROD,2014,11530.0
A,AFNER6,ARA,CUL_IND,PROD,2015,61114.0
A,AFNER6,ARA,CUL_IND,PROD,2016,14232.0
A,AFNER6,ARA,CUL_IND,PROD,2017,17072.0
A,AFNER6,ARA,CUL_IND,PROD,2018,20662.0
A,AFNER6,ARA,CUL_IND,PROD,2019,19165.0
A,AFNER6,ARA,CUL_IND,PROD,2020,20640.0
A,AFNER6,ARA,CUL_IND,PROD,2021,15597.0
A,AFNER6,ARA,CUL_IND,PROD,2022,21739.0
A,AFNER6,ARA,CUL_IND,PROD,2023,12550.92
A,AFNER6,ARA,CUL_IND,PROD,2024,16611.620439600003
A,AFNER6,MAI,CUL_VIV,PROD,1990,
A,AFNER6,MAI,CUL_VIV,PROD,1991,
A,AFNER6,MAI,CUL_VIV,PROD,1992,0.1
A,AFNER6,MAI,CUL_VIV,PROD,1993,
A,AFNER6,MAI,CUL_VIV,PROD,1994,0.1
A,AFNER6,MAI,CUL_VIV,PROD,1995,0.2
A,AFNER6,MAI,CUL_VIV,PROD,1996,0.587
A,AFNER6,MAI,CUL_VIV,PROD,1997,
A,AFNER6,MAI,CUL_VIV,PROD,1998,
A,AFNER6,MAI,CUL_VIV,PROD,1999,
A,AFNER6,MAI,CUL_VIV,PROD,2000,
A,AFNER6,MAI,CUL_VIV,PROD,2001,
A,AFNER6,MAI,CUL_VIV,PROD,2002,0.239337
A,AFNER6,MAI,CUL_VIV,PROD,2003,0.311
A,AFNER6,MAI,CUL_VIV,PROD,2004,0.224
A,AFNER6,MAI,CUL_VIV,PROD,2005,1.01
A,AFNER6,MAI,CUL_VIV,PROD,2006,0.079
A,AFNER6,MAI,CUL_VIV,PROD,2007,0.335
A,AFNER6,MAI,CUL_VIV,PROD,2008,0.255
A,AFNER6,MAI,CUL_VIV,PROD,2009,
A,AFNER6,MAI,CUL_VIV,PROD,2010,309.0
A,AFNER6,MAI,CUL_VIV,PROD,2011,1130.0
A,AFNER6,MAI,CUL_VIV,PROD,2012,
A,AFNER6,MAI,CUL_VIV,PROD,2013,
A,AFNER6,MAI,CUL_VIV,PROD,2014,
A,AFNER6,MAI,CUL_VIV,PROD,2015,
A,AFNER6,MAI,CUL_VIV,PROD,2016,159.0
A,AFNER6,MAI,CUL_VIV,PROD,2017,285.0
A,AFNER6,MAI,CUL_VIV,PROD,2018,413.0
A,AFNER6,MAI,CUL_VIV,PROD,2019,371.0
A,AFNER6,MAI,CUL_VIV,PROD,2020,351.0
A,AFNER6,MAI,CUL_VIV,PROD,2021,152.0
A,AFNER6,MAI,CUL_VIV,PROD,2022,682.0
A,AFNER6,MAI,CUL_VIV,PROD,2023,1219.23
A,AFNER6,MAI,CUL_VIV,PROD,2024,1285.2725878
A,AFNER6,MIL,CUL_VIV,PROD,1990,208.9
A,AFNER6,MIL,CUL_VIV,PROD,1991,435.6
A,AFNER6,MIL,CUL_VIV,PROD,1992,370.4
A,AFNER6,MIL,CUL_VIV,PROD,1993,369.6
A,AFNER6,MIL,CUL_VIV,PROD,1994,426.9
A,AFNER6,MIL,CUL_VIV,PROD,1995,323.1
A,AFNER6,MIL,CUL_VIV,PROD,1996,298.331
A,AFNER6,MIL,CUL_VIV,PROD,1997,158.7
A,AFNER6,MIL,CUL_VIV,PROD,1998,559.423
A,AFNER6,MIL,CUL_VIV,PROD,1999,474.442
A,AFNER6,MIL,CUL_VIV,PROD,2000,294.5
A,AFNER6,MIL,CUL_VIV,PROD,2001,524.045106930054
A,AFNER6,MIL,CUL_VIV,PROD,2002,588.89524884
A,AFNER6,MIL,CUL_VIV,PROD,2003,592.985752374756
A,AFNER6,MIL,CUL_VIV,PROD,2004,389.763
A,AFNER6,MIL,CUL_VIV,PROD,2005,625.5
A,AFNER6,MIL,CUL_VIV,PROD,2006,595.231
A,AFNER6,MIL,CUL_VIV,PROD,2007,523.215
A,AFNER6,MIL,CUL_VIV,PROD,2008,676.113
A,AFNER6,MIL,CUL_VIV,PROD,2009,488.1
A,AFNER6,MIL,CUL_VIV,PROD,2010,768284.0
A,AFNER6,MIL,CUL_VIV,PROD,2011,399401.0
A,AFNER6,MIL,CUL_VIV,PROD,2012,751149.0
A,AFNER6,MIL,CUL_VIV,PROD,2013,520433.0
A,AFNER6,MIL,CUL_VIV,PROD,2014,553150.0
A,AFNER6,MIL,CUL_VIV,PROD,2015,550239.0
A,AFNER6,MIL,CUL_VIV,PROD,2016,783763.0
A,AFNER6,MIL,CUL_VIV,PROD,2017,776357.0
A,AFNER6,MIL,CUL_VIV,PROD,2018,653564.0
A,AFNER6,MIL,CUL_VIV,PROD,2019,532150.0
A,AFNER6,MIL,CUL_VIV,PROD,2020,646888.0
A,AFNER6,MIL,CUL_VIV,PROD,2021,251011.0
A,AFNER6,MIL,CUL_VIV,PROD,2022,637694.0
A,AFNER6,MIL,CUL_VIV,PROD,2023,440546.0
A,AFNER6,MIL,CUL_VIV,PROD,2024,578250.1627114
A,AFNER6,NIE,CUL_VIV,PROD,1990,9.7
A,AFNER6,NIE,CUL_VIV,PROD,1991,81.6
A,AFNER6,NIE,CUL_VIV,PROD,1992,107.3
A,AFNER6,NIE,CUL_VIV,PROD,1993,15.3
A,AFNER6,NIE,CUL_VIV,PROD,1994,23.1
A,AFNER6,NIE,CUL_VIV,PROD,1995,18.7
A,AFNER6,NIE,CUL_VIV,PROD,1996,30.221
A,AFNER6,NIE,CUL_VIV,PROD,1997,14.8
A,AFNER6,NIE,CUL_VIV,PROD,1998,79.671
A,AFNER6,NIE,CUL_VIV,PROD,1999,23.33
A,AFNER6,NIE,CUL_VIV,PROD,2000,9.677
A,AFNER6,NIE,CUL_VIV,PROD,2001,79.4276464934627
A,AFNER6,NIE,CUL_VIV,PROD,2002,110.825982
A,AFNER6,NIE,CUL_VIV,PROD,2003,98.848304
A,AFNER6,NIE,CUL_VIV,PROD,2004,35.377
A,AFNER6,NIE,CUL_VIV,PROD,2005,53.9
A,AFNER6,NIE,CUL_VIV,PROD,2006,76.25
A,AFNER6,NIE,CUL_VIV,PROD,2007,83.77
A,AFNER6,NIE,CUL_VIV,PROD,2008,216.982
A,AFNER6,NIE,CUL_VIV,PROD,2009,141.808
A,AFNER6,NIE,CUL_VIV,PROD,2010,287049.0
A,AFNER6,NIE,CUL_VIV,PROD,2011,153023.0
A,AFNER6,NIE,CUL_VIV,PROD,2012,211906.0
A,AFNER6,NIE,CUL_VIV,PROD,2013,248574.0
A,AFNER6,NIE,CUL_VIV,PROD,2014,253557.0
A,AFNER6,NIE,CUL_VIV,PROD,2015,314690.0
A,AFNER6,NIE,CUL_VIV,PROD,2016,314410.0
A,AFNER6,NIE,CUL_VIV,PROD,2017,406955.0
A,AFNER6,NIE,CUL_VIV,PROD,2018,499467.0
A,AFNER6,NIE,CUL_VIV,PROD,2019,409692.48
A,AFNER6,NIE,CUL_VIV,PROD,2020,477010.0
A,AFNER6,NIE,CUL_VIV,PROD,2021,109035.0
A,AFNER6,NIE,CUL_VIV,PROD,2022,497510.0
A,AFNER6,NIE,CUL_VIV,PROD,2023,286434.28
A,AFNER6,NIE,CUL_VIV,PROD,2024,424918.3566045
A,AFNER6,RIZ,CUL_VIV,PROD,1990,6.8
A,AFNER6,RIZ,CUL_VIV,PROD,1991,
A,AFNER6,RIZ,CUL_VIV,PROD,1992,7.9
A,AFNER6,RIZ,CUL_VIV,PROD,1993,8.9
A,AFNER6,RIZ,CUL_VIV,PROD,1994,
A,AFNER6,RIZ,CUL_VIV,PROD,1995,0.2
A,AFNER6,RIZ,CUL_VIV,PROD,1996,19.106
A,AFNER6,RIZ,CUL_VIV,PROD,1997,
A,AFNER6,RIZ,CUL_VIV,PROD,1998,0.093
A,AFNER6,RIZ,CUL_VIV,PROD,1999,5.226
A,AFNER6,RIZ,CUL_VIV,PROD,2000,2.036
A,AFNER6,RIZ,CUL_VIV,PROD,2001,2.54971892479242
A,AFNER6,RIZ,CUL_VIV,PROD,2002,0.213988
A,AFNER6,RIZ,CUL_VIV,PROD,2003,0.082
A,AFNER6,RIZ,CUL_VIV,PROD,2004,0.925
A,AFNER6,RIZ,CUL_VIV,PROD,2005,1.1
A,AFNER6,RIZ,CUL_VIV,PROD,2006,1.303
A,AFNER6,RIZ,CUL_VIV,PROD,2007,0.37
A,AFNER6,RIZ,CUL_VIV,PROD,2008,23.732
A,AFNER6,RIZ,CUL_VIV,PROD,2009,9.6
A,AFNER6,RIZ,CUL_VIV,PROD,2010,21874.0
A,AFNER6,RIZ,CUL_VIV,PROD,2011,5739.0
A,AFNER6,RIZ,CUL_VIV,PROD,2012,1587.0
A,AFNER6,RIZ,CUL_VIV,PROD,2013,1511.0
A,AFNER6,RIZ,CUL_VIV,PROD,2014,5558.0
A,AFNER6,RIZ,CUL_VIV,PROD,2015,4678.0
A,AFNER6,RIZ,CUL_VIV,PROD,2016,5771.0
A,AFNER6,RIZ,CUL_VIV,PROD,2017,3457.0
A,AFNER6,RIZ,CUL_VIV,PROD,2018,8659.0
A,AFNER6,RIZ,CUL_VIV,PROD,2019,15914.0
A,AFNER6,RIZ,CUL_VIV,PROD,2020,9530.0
A,AFNER6,RIZ,CUL_VIV,PROD,2021,6814.0
A,AFNER6,RIZ,CUL_VIV,PROD,2022,15241.0
A,AFNER6,RIZ,CUL_VIV,PROD,2023,15925.6
A,AFNER6,RIZ,CUL_VIV,PROD,2024,25477.7276356
A,AFNER6,SOR,CUL_VIV,PROD,1990,13.9
A,AFNER6,SOR,CUL_VIV,PROD,1991,54.1
A,AFNER6,SOR,CUL_VIV,PROD,1992,38.3
A,AFNER6,SOR,CUL_VIV,PROD,1993,50.0
A,AFNER6,SOR,CUL_VIV,PROD,1994,35.0
A,AFNER6,SOR,CUL_VIV,PROD,1995,17.1
A,AFNER6,SOR,CUL_VIV,PROD,1996,60.887
A,AFNER6,SOR,CUL_VIV,PROD,1997,16.6
A,AFNER6,SOR,CUL_VIV,PROD,1998,78.21
A,AFNER6,SOR,CUL_VIV,PROD,1999,39.633
A,AFNER6,SOR,CUL_VIV,PROD,2000,24.57
A,AFNER6,SOR,CUL_VIV,PROD,2001,40.4124046083091
A,AFNER6,SOR,CUL_VIV,PROD,2002,37.11343377
A,AFNER6,SOR,CUL_VIV,PROD,2003,63.2803121170825
A,AFNER6,SOR,CUL_VIV,PROD,2004,39.756
A,AFNER6,SOR,CUL_VIV,PROD,2005,69.8
A,AFNER6,SOR,CUL_VIV,PROD,2006,88.534
A,AFNER6,SOR,CUL_VIV,PROD,2007,80.785
A,AFNER6,SOR,CUL_VIV,PROD,2008,178.357
A,AFNER6,SOR,CUL_VIV,PROD,2009,64.3
A,AFNER6,SOR,CUL_VIV,PROD,2010,121651.0
A,AFNER6,SOR,CUL_VIV,PROD,2011,40855.0
A,AFNER6,SOR,CUL_VIV,PROD,2012,92672.0
A,AFNER6,SOR,CUL_VIV,PROD,2013,152653.0
A,AFNER6,SOR,CUL_VIV,PROD,2014,128325.0
A,AFNER6,SOR,CUL_VIV,PROD,2015,232336.0
A,AFNER6,SOR,CUL_VIV,PROD,2016,181448.0
A,AFNER6,SOR,CUL_VIV,PROD,2017,237747.0
A,AFNER6,SOR,CUL_VIV,PROD,2018,230105.0
A,AFNER6,SOR,CUL_VIV,PROD,2019,196900.0
A,AFNER6,SOR,CUL_VIV,PROD,2020,231724.0
A,AFNER6,SOR,CUL_VIV,PROD,2021,74137.0
A,AFNER6,SOR,CUL_VIV,PROD,2022,220413.0
A,AFNER6,SOR,CUL_VIV,PROD,2023,133600.09
A,AFNER6,SOR,CUL_VIV,PROD,2024,157597.1160428
A,AFNER7,ARA,CUL_IND,PROD,1990,5.1
A,AFNER7,ARA,CUL_IND,PROD,1991,9.1
A,AFNER7,ARA,CUL_IND,PROD,1992,19.0
A,AFNER7,ARA,CUL_IND,PROD,1993,7.0
A,AFNER7,ARA,CUL_IND,PROD,1994,29.7
A,AFNER7,ARA,CUL_IND,PROD,1995,44.9
A,AFNER7,ARA,CUL_IND,PROD,1996,51.035
A,AFNER7,ARA,CUL_IND,PROD,1997,22.5
A,AFNER7,ARA,CUL_IND,PROD,1998,38.044
A,AFNER7,ARA,CUL_IND,PROD,1999,28.019
A,AFNER7,ARA,CUL_IND,PROD,2000,36.217
A,AFNER7,ARA,CUL_IND,PROD,2001,14.4751280614513
A,AFNER7,ARA,CUL_IND,PROD,2002,22.652076
A,AFNER7,ARA,CUL_IND,PROD,2003,43.412847
A,AFNER7,ARA,CUL_IND,PROD,2004,38.99
A,AFNER7,ARA,CUL_IND,PROD,2005,52.4
A,AFNER7,ARA,CUL_IND,PROD,2006,40.962
A,AFNER7,ARA,CUL_IND,PROD,2007,69.932
A,AFNER7,ARA,CUL_IND,PROD,2008,82.32
A,AFNER7,ARA,CUL_IND,PROD,2009,50.132
A,AFNER7,ARA,CUL_IND,PROD,2010,105324.0
A,AFNER7,ARA,CUL_IND,PROD,2011,112399.0
A,AFNER7,ARA,CUL_IND,PROD,2012,112532.0
A,AFNER7,ARA,CUL_IND,PROD,2013,109504.0
A,AFNER7,ARA,CUL_IND,PROD,2014,165158.0
A,AFNER7,ARA,CUL_IND,PROD,2015,103335.0
A,AFNER7,ARA,CUL_IND,PROD,2016,190114.0
A,AFNER7,ARA,CUL_IND,PROD,2017,177648.0
A,AFNER7,ARA,CUL_IND,PROD,2018,250634.0
A,AFNER7,ARA,CUL_IND,PROD,2019,228907.0
A,AFNER7,ARA,CUL_IND,PROD,2020,225807.0
A,AFNER7,ARA,CUL_IND,PROD,2021,250277.0
A,AFNER7,ARA,CUL_IND,PROD,2022,319233.0
A,AFNER7,ARA,CUL_IND,PROD,2023,238099.54
A,AFNER7,ARA,CUL_IND,PROD,2024,303482.9167675
A,AFNER7,MAI,CUL_VIV,PROD,1990,
A,AFNER7,MAI,CUL_VIV,PROD,1991,
A,AFNER7,MAI,CUL_VIV,PROD,1992,
A,AFNER7,MAI,CUL_VIV,PROD,1993,
A,AFNER7,MAI,CUL_VIV,PROD,1994,0.3
A,AFNER7,MAI,CUL_VIV,PROD,1995,0.1
A,AFNER7,MAI,CUL_VIV,PROD,1996,
A,AFNER7,MAI,CUL_VIV,PROD,1997,
A,AFNER7,MAI,CUL_VIV,PROD,1998,
A,AFNER7,MAI,CUL_VIV,PROD,1999,
A,AFNER7,MAI,CUL_VIV,PROD,2000,
A,AFNER7,MAI,CUL_VIV,PROD,2001,
A,AFNER7,MAI,CUL_VIV,PROD,2002,
A,AFNER7,MAI,CUL_VIV,PROD,2003,
A,AFNER7,MAI,CUL_VIV,PROD,2004,
A,AFNER7,MAI,CUL_VIV,PROD,2005,
A,AFNER7,MAI,CUL_VIV,PROD,2006,0.179
A,AFNER7,MAI,CUL_VIV,PROD,2007,0.159
A,AFNER7,MAI,CUL_VIV,PROD,2008,
A,AFNER7,MAI,CUL_VIV,PROD,2009,
A,AFNER7,MAI,CUL_VIV,PROD,2010,
A,AFNER7,MAI,CUL_VIV,PROD,2011,
A,AFNER7,MAI,CUL_VIV,PROD,2012,
A,AFNER7,MAI,CUL_VIV,PROD,2013,
A,AFNER7,MAI,CUL_VIV,PROD,2014,
A,AFNER7,MAI,CUL_VIV,PROD,2015,
A,AFNER7,MAI,CUL_VIV,PROD,2016,
A,AFNER7,MAI,CUL_VIV,PROD,2017,301.0
A,AFNER7,MAI,CUL_VIV,PROD,2018,345.0
A,AFNER7,MAI,CUL_VIV,PROD,2019,352.0
A,AFNER7,MAI,CUL_VIV,PROD,2020,291.0
A,AFNER7,MAI,CUL_VIV,PROD,2021,931.0
A,AFNER7,MAI,CUL_VIV,PROD,2022,1478.0
A,AFNER7,MAI,CUL_VIV,PROD,2023,1025.95
A,AFNER7,MAI,CUL_VIV,PROD,2024,1327.4774000999998
A,AFNER7,MIL,CUL_VIV,PROD,1990,205.8
A,AFNER7,MIL,CUL_VIV,PROD,1991,422.6
A,AFNER7,MIL,CUL_VIV,PROD,1992,321.0
A,AFNER7,MIL,CUL_VIV,PROD,1993,255.1
A,AFNER7,MIL,CUL_VIV,PROD,1994,360.7
A,AFNER7,MIL,CUL_VIV,PROD,1995,286.2
A,AFNER7,MIL,CUL_VIV,PROD,1996,302.911
A,AFNER7,MIL,CUL_VIV,PROD,1997,284.7
A,AFNER7,MIL,CUL_VIV,PROD,1998,410.443
A,AFNER7,MIL,CUL_VIV,PROD,1999,506.533
A,AFNER7,MIL,CUL_VIV,PROD,2000,360.597
A,AFNER7,MIL,CUL_VIV,PROD,2001,460.796700492368
A,AFNER7,MIL,CUL_VIV,PROD,2002,398.8505458
A,AFNER7,MIL,CUL_VIV,PROD,2003,487.482371920729
A,AFNER7,MIL,CUL_VIV,PROD,2004,377.13
A,AFNER7,MIL,CUL_VIV,PROD,2005,493.1
A,AFNER7,MIL,CUL_VIV,PROD,2006,449.854
A,AFNER7,MIL,CUL_VIV,PROD,2007,445.433
A,AFNER7,MIL,CUL_VIV,PROD,2008,508.272
A,AFNER7,MIL,CUL_VIV,PROD,2009,437.5
A,AFNER7,MIL,CUL_VIV,PROD,2010,620213.0
A,AFNER7,MIL,CUL_VIV,PROD,2011,554668.0
A,AFNER7,MIL,CUL_VIV,PROD,2012,686006.0
A,AFNER7,MIL,CUL_VIV,PROD,2013,455277.0
A,AFNER7,MIL,CUL_VIV,PROD,2014,466956.0
A,AFNER7,MIL,CUL_VIV,PROD,2015,560204.0
A,AFNER7,MIL,CUL_VIV,PROD,2016,695084.0
A,AFNER7,MIL,CUL_VIV,PROD,2017,713435.7060000001
A,AFNER7,MIL,CUL_VIV,PROD,2018,794080.0
A,AFNER7,MIL,CUL_VIV,PROD,2019,714526.0
A,AFNER7,MIL,CUL_VIV,PROD,2020,629522.0
A,AFNER7,MIL,CUL_VIV,PROD,2021,407508.0
A,AFNER7,MIL,CUL_VIV,PROD,2022,751401.0
A,AFNER7,MIL,CUL_VIV,PROD,2023,619420.03
A,AFNER7,MIL,CUL_VIV,PROD,2024,715408.1614376002
A,AFNER7,NIE,CUL_VIV,PROD,1990,112.7
A,AFNER7,NIE,CUL_VIV,PROD,1991,113.2
A,AFNER7,NIE,CUL_VIV,PROD,1992,87.7
A,AFNER7,NIE,CUL_VIV,PROD,1993,99.2
A,AFNER7,NIE,CUL_VIV,PROD,1994,160.5
A,AFNER7,NIE,CUL_VIV,PROD,1995,82.0
A,AFNER7,NIE,CUL_VIV,PROD,1996,54.433
A,AFNER7,NIE,CUL_VIV,PROD,1997,36.4
A,AFNER7,NIE,CUL_VIV,PROD,1998,23.58
A,AFNER7,NIE,CUL_VIV,PROD,1999,124.517
A,AFNER7,NIE,CUL_VIV,PROD,2000,103.116
A,AFNER7,NIE,CUL_VIV,PROD,2001,98.4456403429825
A,AFNER7,NIE,CUL_VIV,PROD,2002,194.534759
A,AFNER7,NIE,CUL_VIV,PROD,2003,157.892829
A,AFNER7,NIE,CUL_VIV,PROD,2004,105.985
A,AFNER7,NIE,CUL_VIV,PROD,2005,134.6
A,AFNER7,NIE,CUL_VIV,PROD,2006,134.659
A,AFNER7,NIE,CUL_VIV,PROD,2007,462.73
A,AFNER7,NIE,CUL_VIV,PROD,2008,266.401
A,AFNER7,NIE,CUL_VIV,PROD,2009,88.385
A,AFNER7,NIE,CUL_VIV,PROD,2010,342874.0
A,AFNER7,NIE,CUL_VIV,PROD,2011,302767.0
A,AFNER7,NIE,CUL_VIV,PROD,2012,193554.0
A,AFNER7,NIE,CUL_VIV,PROD,2013,269584.0
A,AFNER7,NIE,CUL_VIV,PROD,2014,402201.0
A,AFNER7,NIE,CUL_VIV,PROD,2015,411402.0
A,AFNER7,NIE,CUL_VIV,PROD,2016,484105.0
A,AFNER7,NIE,CUL_VIV,PROD,2017,468163.89192
A,AFNER7,NIE,CUL_VIV,PROD,2018,478156.0
A,AFNER7,NIE,CUL_VIV,PROD,2019,526238.6000000001
A,AFNER7,NIE,CUL_VIV,PROD,2020,521621.0
A,AFNER7,NIE,CUL_VIV,PROD,2021,458182.0
A,AFNER7,NIE,CUL_VIV,PROD,2022,621088.0
A,AFNER7,NIE,CUL_VIV,PROD,2023,547643.13
A,AFNER7,NIE,CUL_VIV,PROD,2024,620265.1776991
A,AFNER7,RIZ,CUL_VIV,PROD,1990,
A,AFNER7,RIZ,CUL_VIV,PROD,1991,
A,AFNER7,RIZ,CUL_VIV,PROD,1992,
A,AFNER7,RIZ,CUL_VIV,PROD,1993,
A,AFNER7,RIZ,CUL_VIV,PROD,1994,
A,AFNER7,RIZ,CUL_VIV,PROD,1995,
A,AFNER7,RIZ,CUL_VIV,PROD,1996,
A,AFNER7,RIZ,CUL_VIV,PROD,1997,
A,AFNER7,RIZ,CUL_VIV,PROD,1998,
A,AFNER7,RIZ,CUL_VIV,PROD,1999,
A,AFNER7,RIZ,CUL_VIV,PROD,2000,
A,AFNER7,RIZ,CUL_VIV,PROD,2001,
A,AFNER7,RIZ,CUL_VIV,PROD,2002,3.120366
A,AFNER7,RIZ,CUL_VIV,PROD,2003,
A,AFNER7,RIZ,CUL_VIV,PROD,2004,
A,AFNER7,RIZ,CUL_VIV,PROD,2005,
A,AFNER7,RIZ,CUL_VIV,PROD,2006,
A,AFNER7,RIZ,CUL_VIV,PROD,2007,
A,AFNER7,RIZ,CUL_VIV,PROD,2008,
A,AFNER7,RIZ,CUL_VIV,PROD,2009,
A,AFNER7,RIZ,CUL_VIV,PROD,2010,1307.0
A,AFNER7,RIZ,CUL_VIV,PROD,2011,
A,AFNER7,RIZ,CUL_VIV,PROD,2012,657.0
A,AFNER7,RIZ,CUL_VIV,PROD,2013,579.0
A,AFNER7,RIZ,CUL_VIV,PROD,2014,657.0
A,AFNER7,RIZ,CUL_VIV,PROD,2015,
A,AFNER7,RIZ,CUL_VIV,PROD,2016,919.0
A,AFNER7,RIZ,CUL_VIV,PROD,2017,403.191
A,AFNER7,RIZ,CUL_VIV,PROD,2018,1686.0
A,AFNER7,RIZ,CUL_VIV,PROD,2019,4169.0
A,AFNER7,RIZ,CUL_VIV,PROD,2020,3339.0
A,AFNER7,RIZ,CUL_VIV,PROD,2021,5938.0
A,AFNER7,RIZ,CUL_VIV,PROD,2022,11768.0
A,AFNER7,RIZ,CUL_VIV,PROD,2023,6580.41
A,AFNER7,RIZ,CUL_VIV,PROD,2024,19717.332728500005
A,AFNER7,SOR,CUL_VIV,PROD,1990,108.6
A,AFNER7,SOR,CUL_VIV,PROD,1991,205.9
A,AFNER7,SOR,CUL_VIV,PROD,1992,171.4
A,AFNER7,SOR,CUL_VIV,PROD,1993,123.4
A,AFNER7,SOR,CUL_VIV,PROD,1994,130.1
A,AFNER7,SOR,CUL_VIV,PROD,1995,105.1
A,AFNER7,SOR,CUL_VIV,PROD,1996,144.805
A,AFNER7,SOR,CUL_VIV,PROD,1997,141.3
A,AFNER7,SOR,CUL_VIV,PROD,1998,177.839
A,AFNER7,SOR,CUL_VIV,PROD,1999,180.941
A,AFNER7,SOR,CUL_VIV,PROD,2000,153.738
A,AFNER7,SOR,CUL_VIV,PROD,2001,254.803657
A,AFNER7,SOR,CUL_VIV,PROD,2002,250.1565418
A,AFNER7,SOR,CUL_VIV,PROD,2003,232.124797626402
A,AFNER7,SOR,CUL_VIV,PROD,2004,227.296
A,AFNER7,SOR,CUL_VIV,PROD,2005,285.6
A,AFNER7,SOR,CUL_VIV,PROD,2006,294.079
A,AFNER7,SOR,CUL_VIV,PROD,2007,302.32
A,AFNER7,SOR,CUL_VIV,PROD,2008,379.967
A,AFNER7,SOR,CUL_VIV,PROD,2009,204.3
A,AFNER7,SOR,CUL_VIV,PROD,2010,381481.0
A,AFNER7,SOR,CUL_VIV,PROD,2011,249222.0
A,AFNER7,SOR,CUL_VIV,PROD,2012,401208.0
A,AFNER7,SOR,CUL_VIV,PROD,2013,354224.0
A,AFNER7,SOR,CUL_VIV,PROD,2014,434473.0
A,AFNER7,SOR,CUL_VIV,PROD,2015,523018.0
A,AFNER7,SOR,CUL_VIV,PROD,2016,640196.0
A,AFNER7,SOR,CUL_VIV,PROD,2017,564629.547
A,AFNER7,SOR,CUL_VIV,PROD,2018,570455.0
A,AFNER7,SOR,CUL_VIV,PROD,2019,558405.0
A,AFNER7,SOR,CUL_VIV,PROD,2020,618536.0
A,AFNER7,SOR,CUL_VIV,PROD,2021,361024.0
A,AFNER7,SOR,CUL_VIV,PROD,2022,665250.0
A,AFNER7,SOR,CUL_VIV,PROD,2023,410987.51
A,AFNER7,SOR,CUL_VIV,PROD,2024,567771.7679103
A,AFNER8,ARA,CUL_IND,PROD,1990,
A,AFNER8,ARA,CUL_IND,PROD,1991,
A,AFNER8,ARA,CUL_IND,PROD,1992,
A,AFNER8,ARA,CUL_IND,PROD,1993,
A,AFNER8,ARA,CUL_IND,PROD,1994,
A,AFNER8,ARA,CUL_IND,PROD,1995,
A,AFNER8,ARA,CUL_IND,PROD,1996,
A,AFNER8,ARA,CUL_IND,PROD,1997,
A,AFNER8,ARA,CUL_IND,PROD,1998,
A,AFNER8,ARA,CUL_IND,PROD,1999,
A,AFNER8,ARA,CUL_IND,PROD,2000,0.008
A,AFNER8,ARA,CUL_IND,PROD,2001,
A,AFNER8,ARA,CUL_IND,PROD,2002,
A,AFNER8,ARA,CUL_IND,PROD,2003,176.457
A,AFNER8,ARA,CUL_IND,PROD,2004,0.008
A,AFNER8,ARA,CUL_IND,PROD,2005,0.1
A,AFNER8,ARA,CUL_IND,PROD,2006,0.065
A,AFNER8,ARA,CUL_IND,PROD,2007,0.69
A,AFNER8,ARA,CUL_IND,PROD,2008,1.927
A,AFNER8,ARA,CUL_IND,PROD,2009,0.167
A,AFNER8,ARA,CUL_IND,PROD,2010,1878.0
A,AFNER8,ARA,CUL_IND,PROD,2011,80.0
A,AFNER8,ARA,CUL_IND,PROD,2012,
A,AFNER8,ARA,CUL_IND,PROD,2013,
A,AFNER8,ARA,CUL_IND,PROD,2014,374.0
A,AFNER8,ARA,CUL_IND,PROD,2015,267.0
A,AFNER8,ARA,CUL_IND,PROD,2016,866.0
A,AFNER8,ARA,CUL_IND,PROD,2017,685.0
A,AFNER8,ARA,CUL_IND,PROD,2018,87.0
A,AFNER8,ARA,CUL_IND,PROD,2019,43.0
A,AFNER8,ARA,CUL_IND,PROD,2020,75.0
A,AFNER8,ARA,CUL_IND,PROD,2021,29.0
A,AFNER8,ARA,CUL_IND,PROD,2022,50.0
A,AFNER8,ARA,CUL_IND,PROD,2023,779.12
A,AFNER8,ARA,CUL_IND,PROD,2024,0.0
A,AFNER8,MAI,CUL_VIV,PROD,1990,
A,AFNER8,MAI,CUL_VIV,PROD,1991,
A,AFNER8,MAI,CUL_VIV,PROD,1992,
A,AFNER8,MAI,CUL_VIV,PROD,1993,
A,AFNER8,MAI,CUL_VIV,PROD,1994,
A,AFNER8,MAI,CUL_VIV,PROD,1995,
A,AFNER8,MAI,CUL_VIV,PROD,1996,
A,AFNER8,MAI,CUL_VIV,PROD,1997,
A,AFNER8,MAI,CUL_VIV,PROD,1998,
A,AFNER8,MAI,CUL_VIV,PROD,1999,
A,AFNER8,MAI,CUL_VIV,PROD,2000,
A,AFNER8,MAI,CUL_VIV,PROD,2001,
A,AFNER8,MAI,CUL_VIV,PROD,2002,
A,AFNER8,MAI,CUL_VIV,PROD,2003,
A,AFNER8,MAI,CUL_VIV,PROD,2004,
A,AFNER8,MAI,CUL_VIV,PROD,2005,1.5
A,AFNER8,MAI,CUL_VIV,PROD,2006,0.014
A,AFNER8,MAI,CUL_VIV,PROD,2007,0.016
A,AFNER8,MAI,CUL_VIV,PROD,2008,0.037
A,AFNER8,MAI,CUL_VIV,PROD,2009,
A,AFNER8,MAI,CUL_VIV,PROD,2010,38.0
A,AFNER8,MAI,CUL_VIV,PROD,2011,36.0
A,AFNER8,MAI,CUL_VIV,PROD,2012,
A,AFNER8,MAI,CUL_VIV,PROD,2013,
A,AFNER8,MAI,CUL_VIV,PROD,2014,
A,AFNER8,MAI,CUL_VIV,PROD,2015,
A,AFNER8,MAI,CUL_VIV,PROD,2016,21.0
A,AFNER8,MAI,CUL_VIV,PROD,2017,22.0
A,AFNER8,MAI,CUL_VIV,PROD,2018,6.0
A,AFNER8,MAI,CUL_VIV,PROD,2019,3.0
A,AFNER8,MAI,CUL_VIV,PROD,2020,12.0
A,AFNER8,MAI,CUL_VIV,PROD,2021,3.0
A,AFNER8,MAI,CUL_VIV,PROD,2022,5.0
A,AFNER8,MAI,CUL_VIV,PROD,2023,34.9
A,AFNER8,MAI,CUL_VIV,PROD,2024,71.743709
A,AFNER8,MIL,CUL_VIV,PROD,1990,
A,AFNER8,MIL,CUL_VIV,PROD,1991,1.2
A,AFNER8,MIL,CUL_VIV,PROD,1992,13.0
A,AFNER8,MIL,CUL_VIV,PROD,1993,8.6
A,AFNER8,MIL,CUL_VIV,PROD,1994,4.5
A,AFNER8,MIL,CUL_VIV,PROD,1995,4.8
A,AFNER8,MIL,CUL_VIV,PROD,1996,2.736
A,AFNER8,MIL,CUL_VIV,PROD,1997,5.7
A,AFNER8,MIL,CUL_VIV,PROD,1998,7.125
A,AFNER8,MIL,CUL_VIV,PROD,1999,4.138
A,AFNER8,MIL,CUL_VIV,PROD,2000,4.21
A,AFNER8,MIL,CUL_VIV,PROD,2001,4.851839
A,AFNER8,MIL,CUL_VIV,PROD,2002,4.838703
A,AFNER8,MIL,CUL_VIV,PROD,2003,8.943184
A,AFNER8,MIL,CUL_VIV,PROD,2004,9.474
A,AFNER8,MIL,CUL_VIV,PROD,2005,8.1
A,AFNER8,MIL,CUL_VIV,PROD,2006,1.47
A,AFNER8,MIL,CUL_VIV,PROD,2007,9.276
A,AFNER8,MIL,CUL_VIV,PROD,2008,18.328
A,AFNER8,MIL,CUL_VIV,PROD,2009,18.9
A,AFNER8,MIL,CUL_VIV,PROD,2010,14508.0
A,AFNER8,MIL,CUL_VIV,PROD,2011,7695.0
A,AFNER8,MIL,CUL_VIV,PROD,2012,18037.0
A,AFNER8,MIL,CUL_VIV,PROD,2013,15111.0
A,AFNER8,MIL,CUL_VIV,PROD,2014,16555.0
A,AFNER8,MIL,CUL_VIV,PROD,2015,12028.0
A,AFNER8,MIL,CUL_VIV,PROD,2016,19110.0
A,AFNER8,MIL,CUL_VIV,PROD,2017,17599.720520000003
A,AFNER8,MIL,CUL_VIV,PROD,2018,12030.0
A,AFNER8,MIL,CUL_VIV,PROD,2019,2374.0
A,AFNER8,MIL,CUL_VIV,PROD,2020,9878.0
A,AFNER8,MIL,CUL_VIV,PROD,2021,2063.0
A,AFNER8,MIL,CUL_VIV,PROD,2022,4417.0
A,AFNER8,MIL,CUL_VIV,PROD,2023,8239.67
A,AFNER8,MIL,CUL_VIV,PROD,2024,9697.8198057
A,AFNER8,NIE,CUL_VIV,PROD,1990,
A,AFNER8,NIE,CUL_VIV,PROD,1991,
A,AFNER8,NIE,CUL_VIV,PROD,1992,
A,AFNER8,NIE,CUL_VIV,PROD,1993,0.6
A,AFNER8,NIE,CUL_VIV,PROD,1994,
A,AFNER8,NIE,CUL_VIV,PROD,1995,0.1
A,AFNER8,NIE,CUL_VIV,PROD,1996,0.13
A,AFNER8,NIE,CUL_VIV,PROD,1997,0.2
A,AFNER8,NIE,CUL_VIV,PROD,1998,2.855
A,AFNER8,NIE,CUL_VIV,PROD,1999,0.6
A,AFNER8,NIE,CUL_VIV,PROD,2000,0.449
A,AFNER8,NIE,CUL_VIV,PROD,2001,1.030829
A,AFNER8,NIE,CUL_VIV,PROD,2002,1.335534
A,AFNER8,NIE,CUL_VIV,PROD,2003,1.698378
A,AFNER8,NIE,CUL_VIV,PROD,2004,3.391
A,AFNER8,NIE,CUL_VIV,PROD,2005,2.7
A,AFNER8,NIE,CUL_VIV,PROD,2006,0.557
A,AFNER8,NIE,CUL_VIV,PROD,2007,0.036
A,AFNER8,NIE,CUL_VIV,PROD,2008,4.128
A,AFNER8,NIE,CUL_VIV,PROD,2009,3.597
A,AFNER8,NIE,CUL_VIV,PROD,2010,3653.0
A,AFNER8,NIE,CUL_VIV,PROD,2011,894.0
A,AFNER8,NIE,CUL_VIV,PROD,2012,4278.0
A,AFNER8,NIE,CUL_VIV,PROD,2013,4958.0
A,AFNER8,NIE,CUL_VIV,PROD,2014,4096.0
A,AFNER8,NIE,CUL_VIV,PROD,2015,4057.0
A,AFNER8,NIE,CUL_VIV,PROD,2016,5380.0
A,AFNER8,NIE,CUL_VIV,PROD,2017,5076.709999999999
A,AFNER8,NIE,CUL_VIV,PROD,2018,5700.0
A,AFNER8,NIE,CUL_VIV,PROD,2019,4423.4
A,AFNER8,NIE,CUL_VIV,PROD,2020,5543.0
A,AFNER8,NIE,CUL_VIV,PROD,2021,2110.0
A,AFNER8,NIE,CUL_VIV,PROD,2022,5258.0
A,AFNER8,NIE,CUL_VIV,PROD,2023,4967.96
A,AFNER8,NIE,CUL_VIV,PROD,2024,6461.238173399999
A,AFNER8,RIZ,CUL_VIV,PROD,1990,
A,AFNER8,RIZ,CUL_VIV,PROD,1991,
A,AFNER8,RIZ,CUL_VIV,PROD,1992,
A,AFNER8,RIZ,CUL_VIV,PROD,1993,
A,AFNER8,RIZ,CUL_VIV,PROD,1994,
A,AFNER8,RIZ,CUL_VIV,PROD,1995,
A,AFNER8,RIZ,CUL_VIV,PROD,1996,
A,AFNER8,RIZ,CUL_VIV,PROD,1997,
A,AFNER8,RIZ,CUL_VIV,PROD,1998,
A,AFNER8,RIZ,CUL_VIV,PROD,1999,
A,AFNER8,RIZ,CUL_VIV,PROD,2000,
A,AFNER8,RIZ,CUL_VIV,PROD,2001,0.14364
A,AFNER8,RIZ,CUL_VIV,PROD,2002,
A,AFNER8,RIZ,CUL_VIV,PROD,2003,0.153
A,AFNER8,RIZ,CUL_VIV,PROD,2004,0.177
A,AFNER8,RIZ,CUL_VIV,PROD,2005,1.5
A,AFNER8,RIZ,CUL_VIV,PROD,2006,0.019
A,AFNER8,RIZ,CUL_VIV,PROD,2007,0.577
A,AFNER8,RIZ,CUL_VIV,PROD,2008,3.442
A,AFNER8,RIZ,CUL_VIV,PROD,2009,
A,AFNER8,RIZ,CUL_VIV,PROD,2010,2734.0
A,AFNER8,RIZ,CUL_VIV,PROD,2011,2756.0
A,AFNER8,RIZ,CUL_VIV,PROD,2012,
A,AFNER8,RIZ,CUL_VIV,PROD,2013,
A,AFNER8,RIZ,CUL_VIV,PROD,2014,
A,AFNER8,RIZ,CUL_VIV,PROD,2015,
A,AFNER8,RIZ,CUL_VIV,PROD,2016,
A,AFNER8,RIZ,CUL_VIV,PROD,2017,
A,AFNER8,RIZ,CUL_VIV,PROD,2018,
A,AFNER8,RIZ,CUL_VIV,PROD,2019,0.0
A,AFNER8,RIZ,CUL_VIV,PROD,2020,
A,AFNER8,RIZ,CUL_VIV,PROD,2021,
A,AFNER8,RIZ,CUL_VIV,PROD,2022,
A,AFNER8,RIZ,CUL_VIV,PROD,2023,24.3
A,AFNER8,SOR,CUL_VIV,PROD,1990,
A,AFNER8,SOR,CUL_VIV,PROD,1991,
A,AFNER8,SOR,CUL_VIV,PROD,1992,1.3
A,AFNER8,SOR,CUL_VIV,PROD,1993,1.1
A,AFNER8,SOR,CUL_VIV,PROD,1994,
A,AFNER8,SOR,CUL_VIV,PROD,1995,
A,AFNER8,SOR,CUL_VIV,PROD,1996,0.568
A,AFNER8,SOR,CUL_VIV,PROD,1997,
A,AFNER8,SOR,CUL_VIV,PROD,1998,0.087
A,AFNER8,SOR,CUL_VIV,PROD,1999,0.1
A,AFNER8,SOR,CUL_VIV,PROD,2000,0.048
A,AFNER8,SOR,CUL_VIV,PROD,2001,0.01197
A,AFNER8,SOR,CUL_VIV,PROD,2002,0.030749
A,AFNER8,SOR,CUL_VIV,PROD,2003,0.171848
A,AFNER8,SOR,CUL_VIV,PROD,2004,1.353
A,AFNER8,SOR,CUL_VIV,PROD,2005,0.2
A,AFNER8,SOR,CUL_VIV,PROD,2006,0.419
A,AFNER8,SOR,CUL_VIV,PROD,2007,0.824
A,AFNER8,SOR,CUL_VIV,PROD,2008,1.646
A,AFNER8,SOR,CUL_VIV,PROD,2009,1.344
A,AFNER8,SOR,CUL_VIV,PROD,2010,1571.0
A,AFNER8,SOR,CUL_VIV,PROD,2011,454.0
A,AFNER8,SOR,CUL_VIV,PROD,2012,2427.0
A,AFNER8,SOR,CUL_VIV,PROD,2013,8923.0
A,AFNER8,SOR,CUL_VIV,PROD,2014,3891.0
A,AFNER8,SOR,CUL_VIV,PROD,2015,2361.0
A,AFNER8,SOR,CUL_VIV,PROD,2016,4617.0
A,AFNER8,SOR,CUL_VIV,PROD,2017,4248.87553
A,AFNER8,SOR,CUL_VIV,PROD,2018,421.0
A,AFNER8,SOR,CUL_VIV,PROD,2019,150.0
A,AFNER8,SOR,CUL_VIV,PROD,2020,717.0
A,AFNER8,SOR,CUL_VIV,PROD,2021,148.0
A,AFNER8,SOR,CUL_VIV,PROD,2022,396.0
A,AFNER8,SOR,CUL_VIV,PROD,2023,217.19
A,AFNER8,SOR,CUL_VIV,PROD,2024,352.1333834
